datetime,PredictedTraffic,ActualTraffic,is_null_anomaly,deviation,is_deviation_anomaly,site_name
2026-03-05 07:00:00+00:00,3.9195437,11.638390390777587,False,1.9693227460890848,True,1_L1
2026-03-05 08:00:00+00:00,3.8557053,14.553978570747375,False,2.7746605574573335,True,1_L1
2026-03-05 09:00:00+00:00,3.7914379,19.54587931060791,False,4.15526826764919,True,1_L1
2026-03-05 10:00:00+00:00,3.7285728,22.021819039916988,False,4.906232747131998,True,1_L1
2026-03-05 11:00:00+00:00,3.6698794,23.19086668758393,False,5.319244838665879,True,1_L1
2026-03-05 12:00:00+00:00,3.6141932,22.13377046470642,False,5.1241248691917844,True,1_L1
2026-03-05 13:00:00+00:00,3.5620024,20.86209430561066,False,4.856844505770738,True,1_L1
2026-03-05 14:00:00+00:00,3.5190747,22.264498600578307,False,5.326804809543912,True,1_L1
2026-03-05 15:00:00+00:00,3.4762588,19.516830160522456,False,4.614320318924896,True,1_L1
2026-03-05 16:00:00+00:00,3.4434874,22.363098206710816,False,5.4943168281066725,True,1_L1
2026-03-05 17:00:00+00:00,3.4105108,15.476657242393498,False,3.5379294328256305,True,1_L1
2026-03-05 18:00:00+00:00,3.3853805,13.473973881721498,False,2.9800471042441137,True,1_L1
2026-03-05 19:00:00+00:00,3.368273,13.566234147834775,False,3.027652766900103,True,1_L1
2026-03-05 20:00:00+00:00,3.353013,12.01551853542328,False,2.5834988999368296,True,1_L1
2026-03-05 21:00:00+00:00,3.340744,12.5870606212616,False,2.767741722009328,True,1_L1
2026-03-05 22:00:00+00:00,3.331379,12.952909295654296,False,2.8881524862561703,True,1_L1
2026-03-05 23:00:00+00:00,3.322702,7.597420034980778,False,1.28651868050494,True,1_L1
2026-03-05 07:00:00+00:00,1.8171289,5.2536,False,1.891154287129813,True,1_L2
2026-03-05 08:00:00+00:00,1.7689607,6.6052,False,2.73394386119175,True,1_L2
2026-03-05 09:00:00+00:00,1.7269738,5.958900000000001,False,2.4504866816420297,True,1_L2
2026-03-05 10:00:00+00:00,1.6909245,8.1372,False,3.8122786549236163,True,1_L2
2026-03-05 11:00:00+00:00,1.6603804,7.3242,False,3.4111579257165996,True,1_L2
2026-03-05 12:00:00+00:00,1.6344404,9.4397,False,4.775493479360615,True,1_L2
2026-03-05 13:00:00+00:00,1.6133397,8.7174,False,4.403325909815767,True,1_L2
2026-03-05 14:00:00+00:00,1.596038,10.233,False,5.4115015452397826,True,1_L2
2026-03-05 15:00:00+00:00,1.5816039,8.699,False,4.500112944946864,True,1_L2
2026-03-05 16:00:00+00:00,1.5697181,9.6973,False,5.177733352957035,True,1_L2
2026-03-05 17:00:00+00:00,1.5594769,10.3446,False,5.6333783563168485,True,1_L2
2026-03-05 18:00:00+00:00,1.5511593,8.861,False,4.712501748415529,True,1_L2
2026-03-05 19:00:00+00:00,1.544052,8.7736,False,4.682192032810479,True,1_L2
2026-03-05 20:00:00+00:00,1.5386084,7.296799999999999,False,3.7424671860059933,True,1_L2
2026-03-05 21:00:00+00:00,1.5342143,7.3567,False,3.795092967432126,True,1_L2
2026-03-05 22:00:00+00:00,1.5304008,7.540999999999999,False,3.9274675179771936,True,1_L2
2026-03-05 23:00:00+00:00,1.5277023,3.6961,False,1.419384931007446,True,1_L2
2026-03-05 09:00:00+00:00,2.61995,6.241099999999999,False,1.382144646431702,True,1_L3
2026-03-05 10:00:00+00:00,2.5801015,8.723099999999999,False,2.3809135158981047,True,1_L3
2026-03-05 11:00:00+00:00,2.542052,7.845000000000001,False,2.0860894685390994,True,1_L3
2026-03-05 12:00:00+00:00,2.506667,5.68,False,1.2659572370320198,True,1_L3
2026-03-05 13:00:00+00:00,2.4758272,5.3249,False,1.150755902196108,True,1_L3
2026-03-05 14:00:00+00:00,2.4475129,7.1227,False,1.9101787784908704,True,1_L3
2026-03-05 16:00:00+00:00,2.3965137,5.1136,False,1.1337662284027976,True,1_L3
2026-03-05 17:00:00+00:00,2.37417,5.1584,False,1.1727171428052106,True,1_L3
2026-03-05 18:00:00+00:00,2.3531578,4.9675,False,1.1109931884538575,True,1_L3
2026-03-05 20:00:00+00:00,2.3197885,4.8852,False,1.1058816753063598,True,1_L3
2026-03-05 21:00:00+00:00,2.3056202,5.065300000000001,False,1.1969359976638165,True,1_L3
2026-03-05 06:00:00+00:00,0.7893937,2.6742,False,2.3876631167013707,True,1_L4
2026-03-05 10:00:00+00:00,0.8269241,5.4876,False,5.636159346967207,True,1_L4
2026-03-05 12:00:00+00:00,0.84161127,2.5506,False,2.0306153239960585,True,1_L4
2026-03-05 14:00:00+00:00,0.854983,2.0938,False,1.4489376610002318,True,1_L4
2026-03-05 15:00:00+00:00,0.86083305,1.9979,False,1.320891376948761,True,1_L4
2026-03-05 07:00:00+00:00,0.23155373,0.4953,False,1.1390283492160655,True,1_L5
2026-03-05 08:00:00+00:00,0.23067763,0.9924,False,3.3021075807689586,True,1_L5
2026-03-05 09:00:00+00:00,0.23057273,3.3153,False,13.378543358731207,True,1_L5
2026-03-05 10:00:00+00:00,0.2309489,2.368,False,9.253350628871368,True,1_L5
2026-03-05 11:00:00+00:00,0.2315878,1.4207,False,5.134606468602899,True,1_L5
2026-03-05 12:00:00+00:00,0.23234211,2.3104,False,8.94395724953767,True,1_L5
2026-03-05 13:00:00+00:00,0.23314144,1.1621,False,3.984527907573231,True,1_L5
2026-03-05 14:00:00+00:00,0.23391278,2.0178,False,7.626292211998238,True,1_L5
2026-03-05 15:00:00+00:00,0.23463398,2.3431,False,8.986192017944854,True,1_L5
2026-03-05 16:00:00+00:00,0.23530799,1.8569,False,6.891359694696785,True,1_L5
2026-03-05 17:00:00+00:00,0.23595507,1.7242,False,6.307323244345306,True,1_L5
2026-03-05 18:00:00+00:00,0.23638286,1.6882,False,6.1418038586846375,True,1_L5
2026-03-05 19:00:00+00:00,0.23674043,1.8444,False,6.790811384305569,True,1_L5
2026-03-05 20:00:00+00:00,0.23699653,2.0954,False,7.841479606714247,True,1_L5
2026-03-05 21:00:00+00:00,0.23716664,1.9155,False,7.076599536164399,True,1_L5
2026-03-05 22:00:00+00:00,0.23725776,1.5626,False,5.5860858475003825,True,1_L5
2026-03-05 07:00:00+00:00,0.1753664,0.4161,False,1.3727464099845013,True,1_L7
2026-03-05 08:00:00+00:00,0.17318828,0.3637,False,1.100026580995828,True,1_L7
2026-03-05 10:00:00+00:00,0.16996169,1.4783,False,7.697842391119852,True,1_L7
2026-03-05 11:00:00+00:00,0.1687214,0.6973,False,3.132848767021226,True,1_L7
2026-03-05 12:00:00+00:00,0.16778712,1.1619,False,5.924846208442395,True,1_L7
2026-03-05 13:00:00+00:00,0.16752075,0.765,False,3.5665985591516622,True,1_L7
2026-03-05 14:00:00+00:00,0.16693664,0.7186,False,3.30462729657818,True,1_L7
2026-03-05 15:00:00+00:00,0.16661419,0.5128,False,2.077769071097259,True,1_L7
2026-03-05 16:00:00+00:00,0.16693498,0.9233,False,4.530895856925985,True,1_L7
2026-03-05 18:00:00+00:00,0.1674547,0.356,False,1.1259480332933043,True,1_L7
2026-03-05 03:00:00+00:00,0.1462655,0.3083,False,1.107810698928412,True,1_L8
2026-03-05 06:00:00+00:00,0.13786024,0.3492,False,1.533000114228347,True,1_L8
2026-03-05 07:00:00+00:00,0.13552767,0.3965,False,1.9256018263884278,True,1_L8
2026-03-05 08:00:00+00:00,0.13314912,0.5398,False,3.054101230442306,True,1_L8
2026-03-05 09:00:00+00:00,0.13093631,0.4718,False,2.603278579472122,True,1_L8
2026-03-05 10:00:00+00:00,0.12925825,0.6544,False,4.062733126517256,True,1_L8
2026-03-05 11:00:00+00:00,0.12759152,0.5683,False,3.4540577427071137,True,1_L8
2026-03-05 12:00:00+00:00,0.12604879,1.5003,False,10.902534079915677,True,1_L8
2026-03-05 13:00:00+00:00,0.12470022,0.7669,False,5.149949130798985,True,1_L8
2026-03-05 14:00:00+00:00,0.1234274,0.5501,False,3.4568710567727137,True,1_L8
2026-03-05 15:00:00+00:00,0.12193834,0.6316,False,4.179667019452855,True,1_L8
2026-03-05 16:00:00+00:00,0.12073802,0.619,False,4.126802556441356,True,1_L8
2026-03-05 17:00:00+00:00,0.12024655,0.524,False,3.3577133114062088,True,1_L8
2026-03-05 18:00:00+00:00,0.11979026,0.4759,False,2.972776970336504,True,1_L8
2026-03-05 22:00:00+00:00,0.11833592,0.2785,False,1.353469729791602,True,1_L8
2026-03-05 11:00:00+00:00,62.150112,125.9551,False,1.0266270749721387,True,AM0005
2026-03-05 12:00:00+00:00,60.330933,128.11,False,1.1234546598655286,True,AM0005
2026-03-05 13:00:00+00:00,58.575497,133.5807,False,1.2804877053691532,True,AM0005
2026-03-05 14:00:00+00:00,56.84637,141.02100000000002,False,1.4807388452573444,True,AM0005
2026-03-05 15:00:00+00:00,55.14894,130.1671,False,1.3602828548511292,True,AM0005
2026-03-05 16:00:00+00:00,53.560253,123.7409,False,1.3103120828967687,True,AM0005
2026-03-05 17:00:00+00:00,52.057217,127.58400000000002,False,1.4508417511407885,True,AM0005
2026-03-05 19:00:00+00:00,49.24709,146.3703,False,1.9721614378625771,True,AM0005
2026-03-05 20:00:00+00:00,47.854263,151.51929999999996,False,2.1662654387172653,True,AM0005
2026-03-05 21:00:00+00:00,46.523926,153.61700000000002,False,2.301892465444318,True,AM0005
2026-03-05 22:00:00+00:00,45.246334,170.41930000000002,False,2.7664775164772446,True,AM0005
2026-03-05 23:00:00+00:00,44.025055,146.8117,False,2.334730648898908,True,AM0005
2026-03-05 06:00:00+00:00,24.79587,55.05400000000001,False,1.2202891200635195,True,AM0008
2026-03-05 07:00:00+00:00,24.202608,81.63940000000001,False,2.3731653891986513,True,AM0008
2026-03-05 08:00:00+00:00,23.76777,100.47579999999996,False,3.2273968805946334,True,AM0008
2026-03-05 09:00:00+00:00,23.451374,110.9077,False,3.729262334259489,True,AM0008
2026-03-05 10:00:00+00:00,23.221996,118.13809999999998,False,4.087336094463628,True,AM0008
2026-03-05 11:00:00+00:00,23.056252,119.1292,False,4.166893667267918,True,AM0008
2026-03-05 12:00:00+00:00,22.936823,128.4074,False,4.598308039823039,True,AM0008
2026-03-05 13:00:00+00:00,22.850954,132.91789999999995,False,4.816733063989665,True,AM0008
2026-03-05 14:00:00+00:00,22.788734,139.6542,False,5.1282121827339795,True,AM0008
2026-03-05 15:00:00+00:00,22.743382,135.3499,False,4.951177488648602,True,AM0008
2026-03-05 16:00:00+00:00,22.710129,123.5949,False,4.442280894774079,True,AM0008
2026-03-05 17:00:00+00:00,22.685589,103.81609999999998,False,3.576301754715194,True,AM0008
2026-03-05 18:00:00+00:00,22.667536,101.2339,False,3.46603022817382,True,AM0008
2026-03-05 19:00:00+00:00,22.653576,127.2901,False,4.61898486038307,True,AM0008
2026-03-05 20:00:00+00:00,22.64267,140.14950000000002,False,5.1896190685418935,True,AM0008
2026-03-05 21:00:00+00:00,22.633919,141.47860000000003,False,5.250733754343671,True,AM0008
2026-03-05 22:00:00+00:00,22.626474,143.27130000000002,False,5.332020516794155,True,AM0008
2026-03-05 23:00:00+00:00,22.619564,105.1545,False,3.6488296475485713,True,AM0008
2026-03-05 10:00:00+00:00,55.350124,111.05150000000005,False,1.0063459890254136,True,AM0010
2026-03-05 11:00:00+00:00,54.46924,120.263,False,1.2079067707726374,True,AM0010
2026-03-05 12:00:00+00:00,53.698154,130.52420000000004,False,1.4307017873927246,True,AM0010
2026-03-05 13:00:00+00:00,53.024654,132.25589999999997,False,1.494234078946942,True,AM0010
2026-03-05 14:00:00+00:00,52.437588,142.1441,False,1.7107291950596673,True,AM0010
2026-03-05 15:00:00+00:00,51.922497,128.2526,False,1.470077671818244,True,AM0010
2026-03-05 16:00:00+00:00,51.47665,125.15279999999998,False,1.4312537708120354,True,AM0010
2026-03-05 17:00:00+00:00,51.08344,122.16789999999996,False,1.3915363314327585,True,AM0010
2026-03-05 18:00:00+00:00,50.74587,111.6127,False,1.199444070955387,True,AM0010
2026-03-05 19:00:00+00:00,50.45966,141.23979999999997,False,1.7990636715673176,True,AM0010
2026-03-05 20:00:00+00:00,50.18923,139.1073,False,1.771656285818914,True,AM0010
2026-03-05 21:00:00+00:00,49.950207,131.445,False,1.631520638954183,True,AM0010
2026-03-05 22:00:00+00:00,49.743217,143.99869999999996,False,1.8948408914617803,True,AM0010
2026-03-05 23:00:00+00:00,49.56115,135.81390000000002,False,1.740329897588992,True,AM0010
2026-03-05 10:00:00+00:00,49.0967,102.4747,False,1.0872014328065045,True,AM0011
2026-03-05 11:00:00+00:00,47.99652,108.8485,False,1.2678414547766652,True,AM0011
2026-03-05 12:00:00+00:00,46.939922,115.9174,False,1.4694842734984805,True,AM0011
2026-03-05 13:00:00+00:00,45.923946,123.1313,False,1.6812003258494883,True,AM0011
2026-03-05 14:00:00+00:00,44.902252,135.6619,False,2.021271614706696,True,AM0011
2026-03-05 15:00:00+00:00,43.951298,136.6018,False,2.1080265421489033,True,AM0011
2026-03-05 16:00:00+00:00,43.059586,115.7772,False,1.6887671691201092,True,AM0011
2026-03-05 17:00:00+00:00,42.244312,107.3659,False,1.5415468778887804,True,AM0011
2026-03-05 18:00:00+00:00,41.49994,113.953,False,1.7458594600954505,True,AM0011
2026-03-05 19:00:00+00:00,40.79743,140.80069999999998,False,2.451215099822801,True,AM0011
2026-03-05 20:00:00+00:00,40.06431,153.8491,False,2.8400538294737556,True,AM0011
2026-03-05 21:00:00+00:00,39.32979,155.81709999999998,False,2.96180877394795,True,AM0011
2026-03-05 22:00:00+00:00,38.625416,150.7937,False,2.904001985971744,True,AM0011
2026-03-05 23:00:00+00:00,38.020355,109.4119,False,1.8777190363855711,True,AM0011
2026-03-05 00:00:00+00:00,55.257023,205.6634,False,2.721941381636842,True,AM0014
2026-03-05 01:00:00+00:00,56.81745,128.29,False,1.2579330234799038,True,AM0014
2026-03-05 05:00:00+00:00,66.07821,181.3494,False,1.7444660343380554,True,AM0014
2026-03-05 06:00:00+00:00,66.844246,158.13709999999998,False,1.3657548655929654,True,AM0014
2026-03-05 07:00:00+00:00,67.21916,152.77120000000002,False,1.2727328857335811,True,AM0014
2026-03-05 08:00:00+00:00,67.32834,170.92969999999997,False,1.5387482224533868,True,AM0014
2026-03-05 09:00:00+00:00,67.27689,185.6848,False,1.7600085262647343,True,AM0014
2026-03-05 10:00:00+00:00,67.14081,194.7047,False,1.8999457333630294,True,AM0014
2026-03-05 11:00:00+00:00,66.973724,205.4632,False,2.067818042782381,True,AM0014
2026-03-05 12:00:00+00:00,66.8093,219.6004,False,2.286973358598187,True,AM0014
2026-03-05 13:00:00+00:00,66.66496,222.0403000000001,False,2.3306896273365156,True,AM0014
2026-03-05 14:00:00+00:00,66.54944,231.7989,False,2.483108277189076,True,AM0014
2026-03-05 15:00:00+00:00,66.46385,217.3517,False,2.270224245099896,True,AM0014
2026-03-05 16:00:00+00:00,66.40435,212.6573,False,2.2024603674438756,True,AM0014
2026-03-05 17:00:00+00:00,66.367035,211.077,False,2.1804494547561406,True,AM0014
2026-03-05 18:00:00+00:00,66.34895,173.5266,False,1.6153630390191904,True,AM0014
2026-03-05 19:00:00+00:00,66.34129,222.6235,False,2.3557304780894364,True,AM0014
2026-03-05 20:00:00+00:00,66.34815,232.3055,False,2.501310774074515,True,AM0014
2026-03-05 21:00:00+00:00,66.36186,232.2576,False,2.4998656210228756,True,AM0014
2026-03-05 22:00:00+00:00,66.378944,250.5127,False,2.7739783643113363,True,AM0014
2026-03-05 23:00:00+00:00,66.3972,248.5048,False,2.742699906673864,True,AM0014
2026-03-05 10:00:00+00:00,38.669167,86.16050000000001,False,1.2281447378831183,True,AM0015
2026-03-05 11:00:00+00:00,37.5666,87.83740000000003,False,1.3381780126624485,True,AM0015
2026-03-05 12:00:00+00:00,36.58873,93.26,False,1.548872299227776,True,AM0015
2026-03-05 13:00:00+00:00,35.71703,90.8131,False,1.542571459312475,True,AM0015
2026-03-05 14:00:00+00:00,34.94025,99.6994,False,1.8534254582598795,True,AM0015
2026-03-05 15:00:00+00:00,34.246574,97.7019,False,1.8528955583571167,True,AM0015
2026-03-05 16:00:00+00:00,33.633495,88.11179999999999,False,1.6197633975700303,True,AM0015
2026-03-05 17:00:00+00:00,33.09097,80.37519999999999,False,1.4289164754243968,True,AM0015
2026-03-05 18:00:00+00:00,32.612846,87.37819999999999,False,1.6792570938637743,True,AM0015
2026-03-05 19:00:00+00:00,32.188274,105.6522,False,2.2823194788600043,True,AM0015
2026-03-05 20:00:00+00:00,31.805223,111.69510000000002,False,2.5118476725382775,True,AM0015
2026-03-05 21:00:00+00:00,31.460894,110.1069,False,2.499802049219958,True,AM0015
2026-03-05 22:00:00+00:00,31.152412,99.998,False,2.2099600720903583,True,AM0015
2026-03-05 23:00:00+00:00,30.882717,72.223,False,1.338621944758705,True,AM0015
2026-03-05 13:00:00+00:00,34.495514,81.0465,False,1.3494794191882329,True,AM0016
2026-03-05 14:00:00+00:00,33.924408,88.82749999999999,False,1.6183949947599703,True,AM0016
2026-03-05 15:00:00+00:00,33.35965,90.5511,False,1.7143900169147468,True,AM0016
2026-03-05 16:00:00+00:00,32.83774,77.4275,False,1.3578813777580188,True,AM0016
2026-03-05 17:00:00+00:00,32.38761,64.8084,False,1.0010243800100305,True,AM0016
2026-03-05 18:00:00+00:00,32.004597,66.119,False,1.0659219861038618,True,AM0016
2026-03-05 19:00:00+00:00,31.62267,94.1664,False,1.9778131423684808,True,AM0016
2026-03-05 20:00:00+00:00,31.220053,105.1833,False,2.3690942467754286,True,AM0016
2026-03-05 21:00:00+00:00,30.79389,107.1854,False,2.4807359512593075,True,AM0016
2026-03-05 22:00:00+00:00,30.394054,102.76139999999998,False,2.3809704557409175,True,AM0016
2026-03-05 07:00:00+00:00,8.34931,18.8009,False,1.2517908877854034,True,AM0017
2026-03-05 08:00:00+00:00,8.287336,23.1077,False,1.7883144867686656,True,AM0017
2026-03-05 09:00:00+00:00,8.236799,27.8822,False,2.3850770411177145,True,AM0017
2026-03-05 10:00:00+00:00,8.193723,30.727400000000003,False,2.750114695310299,True,AM0017
2026-03-05 11:00:00+00:00,8.155821,27.7457,False,2.401950646293416,True,AM0017
2026-03-05 12:00:00+00:00,8.121995,29.189300000000003,False,2.593858417766205,True,AM0017
2026-03-05 13:00:00+00:00,8.0918,33.4084,False,3.1286736065986656,True,AM0017
2026-03-05 14:00:00+00:00,8.064742,33.905100000000004,False,3.2041146051171325,True,AM0017
2026-03-05 15:00:00+00:00,8.040062,31.482499999999995,False,2.9157036591394974,True,AM0017
2026-03-05 16:00:00+00:00,8.018949,27.6476,False,2.447783685154874,True,AM0017
2026-03-05 17:00:00+00:00,8.001389,25.5716,False,2.19589529252697,True,AM0017
2026-03-05 18:00:00+00:00,7.986696,32.7907,False,3.105665341322914,True,AM0017
2026-03-05 19:00:00+00:00,7.9737587,41.271,False,4.175852639344239,True,AM0017
2026-03-05 20:00:00+00:00,7.9613056,42.0615,False,4.283241470267131,True,AM0017
2026-03-05 21:00:00+00:00,7.950342,48.017700000000005,False,5.039702307504626,True,AM0017
2026-03-05 22:00:00+00:00,7.9405675,48.411,False,5.096667529115764,True,AM0017
2026-03-05 23:00:00+00:00,7.9334364,27.192,False,2.4275184989777987,True,AM0017
2026-03-05 13:00:00+00:00,72.53926,158.86210000000003,False,1.1900154220936647,True,AM0018
2026-03-05 14:00:00+00:00,71.53915,152.1645,False,1.1270102818889087,True,AM0018
2026-03-05 19:00:00+00:00,66.45863,146.54999999999998,False,1.205131108663593,True,AM0018
2026-03-05 20:00:00+00:00,65.59613,162.3195,False,1.474528590051241,True,AM0018
2026-03-05 21:00:00+00:00,64.7484,174.95210000000003,False,1.7020297933402166,True,AM0018
2026-03-05 22:00:00+00:00,63.95694,176.333,False,1.7570581212086798,True,AM0018
2026-03-05 23:00:00+00:00,63.212452,153.08820000000003,False,1.4218044912712242,True,AM0018
2026-03-05 00:00:00+00:00,7.335501,18.3985,False,1.5081449124496435,True,AM0019
2026-03-05 07:00:00+00:00,10.6490135,26.6057,False,1.4984192152458737,True,AM0019
2026-03-05 08:00:00+00:00,10.348732,28.6738,False,1.7707549113149306,True,AM0019
2026-03-05 09:00:00+00:00,10.057438,32.80799999999999,False,2.262063393965553,True,AM0019
2026-03-05 10:00:00+00:00,9.784947,36.8989,False,2.7709860369438943,True,AM0019
2026-03-05 11:00:00+00:00,9.53778,38.7803,False,3.0659672146437678,True,AM0019
2026-03-05 12:00:00+00:00,9.316279,41.2037,False,3.4227634424481055,True,AM0019
2026-03-05 13:00:00+00:00,9.122264,44.8009,False,3.911160261304639,True,AM0019
2026-03-05 14:00:00+00:00,8.949491,47.7232,False,4.332504654696431,True,AM0019
2026-03-05 15:00:00+00:00,8.798375,44.2819,False,4.032963399176111,True,AM0019
2026-03-05 16:00:00+00:00,8.672607,37.2647,False,3.2968277228837652,True,AM0019
2026-03-05 17:00:00+00:00,8.567989,30.7445,False,2.588298111303993,True,AM0019
2026-03-05 18:00:00+00:00,8.480269,40.6389,False,3.79217085324262,True,AM0019
2026-03-05 19:00:00+00:00,8.401295,53.77889999999999,False,5.4012633608933,True,AM0019
2026-03-05 20:00:00+00:00,8.326148,60.52709999999999,False,6.269520042049805,True,AM0019
2026-03-05 21:00:00+00:00,8.260575,62.7226,False,6.593006269406239,True,AM0019
2026-03-05 22:00:00+00:00,8.20681,52.8014,False,5.433851888335132,True,AM0019
2026-03-05 23:00:00+00:00,8.167927,28.3172,False,2.466877303608816,True,AM0019
2026-03-05 08:00:00+00:00,25.306597,53.1785,False,1.1013690822504916,True,AM0020
2026-03-05 09:00:00+00:00,24.282606,59.6455,False,1.4563055420518558,True,AM0020
2026-03-05 10:00:00+00:00,23.373446,65.25750000000001,False,1.7919503767498695,True,AM0020
2026-03-05 11:00:00+00:00,22.570818,72.2799,False,2.202360683980686,True,AM0020
2026-03-05 12:00:00+00:00,21.867321,72.23740000000001,False,2.303440780533485,True,AM0020
2026-03-05 13:00:00+00:00,21.255161,73.101,False,2.439211729257079,True,AM0020
2026-03-05 14:00:00+00:00,20.724922,69.3738,False,2.3473611817157423,True,AM0020
2026-03-05 15:00:00+00:00,20.269283,68.26939999999999,False,2.368121063161914,True,AM0020
2026-03-05 16:00:00+00:00,19.879383,63.8705,False,2.2129015130886747,True,AM0020
2026-03-05 17:00:00+00:00,19.547318,56.822,False,1.9068950246398861,True,AM0020
2026-03-05 18:00:00+00:00,19.264595,58.53960000000001,False,2.038714278891222,True,AM0020
2026-03-05 19:00:00+00:00,19.024885,75.51480000000001,False,2.9692644289313606,True,AM0020
2026-03-05 20:00:00+00:00,18.82492,78.9413,False,3.1934466258683156,True,AM0020
2026-03-05 21:00:00+00:00,18.659763,80.8458,False,3.332627297755617,True,AM0020
2026-03-05 22:00:00+00:00,18.52537,75.8566,False,3.094741506218347,True,AM0020
2026-03-05 23:00:00+00:00,18.413837,56.2996,False,2.0574615533168417,True,AM0020
2026-03-05 13:00:00+00:00,68.02753,138.5657,False,1.0369063290276097,True,AM0021
2026-03-05 14:00:00+00:00,66.95639,148.20770000000002,False,1.213495965911085,True,AM0021
2026-03-05 15:00:00+00:00,65.96802,140.07399999999996,False,1.1233622767898441,True,AM0021
2026-03-05 16:00:00+00:00,65.06291,134.8759,False,1.0730074305053774,True,AM0021
2026-03-05 17:00:00+00:00,64.23424,132.09180000000003,False,1.0564079965697908,True,AM0021
2026-03-05 19:00:00+00:00,62.781296,139.448,False,1.2211711032012902,True,AM0021
2026-03-05 20:00:00+00:00,62.13392,139.98830000000004,False,1.2530093512329363,True,AM0021
2026-03-05 21:00:00+00:00,61.53765,142.4886,False,1.315470245304191,True,AM0021
2026-03-05 22:00:00+00:00,60.99147,147.0584,False,1.411130592321454,True,AM0021
2026-03-05 23:00:00+00:00,60.486275,138.406,False,1.2882215947741043,True,AM0021
2026-03-05 00:00:00+00:00,14.078953,137.41039999999995,False,8.759987270102007,True,AM0022
2026-03-05 01:00:00+00:00,24.075129,89.44859999999997,False,2.715394490814312,True,AM0022
2026-03-05 05:00:00+00:00,43.245365,106.50860000000002,False,1.462890523602805,True,AM0022
2026-03-05 09:00:00+00:00,43.953495,98.9497,False,1.2512362200614557,True,AM0022
2026-03-05 10:00:00+00:00,43.864513,115.43050000000002,False,1.6315235496793197,True,AM0022
2026-03-05 11:00:00+00:00,43.76024,120.2111,False,1.7470394064447112,True,AM0022
2026-03-05 12:00:00+00:00,43.651157,133.78140000000002,False,2.064784716656782,True,AM0022
2026-03-05 13:00:00+00:00,43.545696,156.0689,False,2.5840258259592024,True,AM0022
2026-03-05 14:00:00+00:00,43.44391,158.33950000000004,False,2.644688168477842,True,AM0022
2026-03-05 15:00:00+00:00,43.35075,145.19289999999998,False,2.3492592423939898,True,AM0022
2026-03-05 16:00:00+00:00,43.26941,129.1605,False,1.985030358598782,True,AM0022
2026-03-05 17:00:00+00:00,43.198956,134.5471,False,2.1145915064594893,True,AM0022
2026-03-05 18:00:00+00:00,43.136288,106.7458,False,1.4746172125215966,True,AM0022
2026-03-05 19:00:00+00:00,43.08996,146.975,False,2.410887505362625,True,AM0022
2026-03-05 20:00:00+00:00,43.035152,150.26269999999994,False,2.4916269955334456,True,AM0022
2026-03-05 21:00:00+00:00,42.986164,158.8987,False,2.6965080125819036,True,AM0022
2026-03-05 22:00:00+00:00,42.939888,182.6708,False,3.254105180663788,True,AM0022
2026-03-05 23:00:00+00:00,42.896877,165.471,False,2.8574136500871177,True,AM0022
2026-03-05 14:00:00+00:00,77.40558,167.4421,False,1.1631787139857424,True,AM0023
2026-03-05 15:00:00+00:00,76.13314,158.8999,False,1.0871318170107136,True,AM0023
2026-03-05 16:00:00+00:00,74.95151,155.2777,False,1.0717088293171326,True,AM0023
2026-03-05 17:00:00+00:00,73.86711,149.234,False,1.0203037260210022,True,AM0023
2026-03-05 19:00:00+00:00,71.97986,165.2454,False,1.2957172141865043,True,AM0023
2026-03-05 20:00:00+00:00,71.05989,159.1376,False,1.2394855709310386,True,AM0023
2026-03-05 21:00:00+00:00,70.20404,166.18330000000003,False,1.3671472290155913,True,AM0023
2026-03-05 22:00:00+00:00,69.4086,185.8231,False,1.6772345270207587,True,AM0023
2026-03-05 23:00:00+00:00,68.654724,164.13549999999998,False,1.3907386141483356,True,AM0023
2026-03-05 09:00:00+00:00,16.702345,36.5319,False,1.1872318067284324,True,AM0024
2026-03-05 10:00:00+00:00,16.226099,37.6571,False,1.32077346297802,True,AM0024
2026-03-05 11:00:00+00:00,15.782473,39.5933,False,1.5086880222890373,True,AM0024
2026-03-05 12:00:00+00:00,15.377971,37.946,False,1.4675557491545255,True,AM0024
2026-03-05 13:00:00+00:00,15.000107,45.099500000000006,False,2.0066119239466684,True,AM0024
2026-03-05 14:00:00+00:00,14.657095,50.851000000000006,False,2.469377810171827,True,AM0024
2026-03-05 15:00:00+00:00,14.338083,48.0477,False,2.351054607827161,True,AM0024
2026-03-05 16:00:00+00:00,14.0536175,42.0808,False,1.9943037846035292,True,AM0024
2026-03-05 17:00:00+00:00,13.800055,45.2407,False,2.2782986353803754,True,AM0024
2026-03-05 18:00:00+00:00,13.5728245,48.495,False,2.5729482892872455,True,AM0024
2026-03-05 19:00:00+00:00,13.360861,62.657500000000006,False,3.6896304678741676,True,AM0024
2026-03-05 20:00:00+00:00,13.147436,67.57770000000001,False,4.139990738139891,True,AM0024
2026-03-05 21:00:00+00:00,12.938413,71.9753,False,4.562915780801656,True,AM0024
2026-03-05 22:00:00+00:00,12.744583,62.4289,False,3.898465439298683,True,AM0024
2026-03-05 23:00:00+00:00,12.5828,38.4705,False,2.057387884300936,True,AM0024
2026-03-05 05:00:00+00:00,29.869684,65.70949999999998,False,1.1998726038559748,True,AM0025
2026-03-05 06:00:00+00:00,30.12177,85.49540000000002,False,1.8383258209111264,True,AM0025
2026-03-05 07:00:00+00:00,30.54002,86.5911,False,1.835332132433112,True,AM0025
2026-03-05 08:00:00+00:00,31.022074,99.3135,False,2.2013817262515465,True,AM0025
2026-03-05 09:00:00+00:00,31.496216,110.291,False,2.5017222586108665,True,AM0025
2026-03-05 10:00:00+00:00,31.914,108.1975,False,2.3902833082727617,True,AM0025
2026-03-05 11:00:00+00:00,32.24884,112.95519999999996,False,2.5026127710957375,True,AM0025
2026-03-05 12:00:00+00:00,32.49797,111.50090000000004,False,2.4310111679712585,True,AM0025
2026-03-05 13:00:00+00:00,32.654552,128.932,False,2.9483621819362757,True,AM0025
2026-03-05 14:00:00+00:00,32.73049,134.6937,False,3.115236076773913,True,AM0025
2026-03-05 15:00:00+00:00,32.744728,121.90930000000002,False,2.7230206850691667,True,AM0025
2026-03-05 16:00:00+00:00,32.712177,112.8969,False,2.4512193745269117,True,AM0025
2026-03-05 17:00:00+00:00,32.645103,112.565,False,2.4481434606749133,True,AM0025
2026-03-05 18:00:00+00:00,32.54924,98.9257,False,2.039262964624567,True,AM0025
2026-03-05 19:00:00+00:00,32.450592,132.599,False,3.0861812269065143,True,AM0025
2026-03-05 20:00:00+00:00,32.318554,135.8705,False,3.2041020869051,True,AM0025
2026-03-05 21:00:00+00:00,32.176147,136.7061,False,3.248678315698422,True,AM0025
2026-03-05 22:00:00+00:00,32.036842,140.88780000000003,False,3.3976805977805427,True,AM0025
2026-03-05 23:00:00+00:00,31.916697,98.9812,False,2.1012357387835605,True,AM0025
2026-03-05 12:00:00+00:00,27.367952,57.434,False,1.0985859399419695,True,AM0026
2026-03-05 13:00:00+00:00,26.867174,63.77159999999999,False,1.373587919867597,True,AM0026
2026-03-05 14:00:00+00:00,26.410065,63.7207,False,1.4127430481681988,True,AM0026
2026-03-05 15:00:00+00:00,25.97035,60.1441,False,1.3158755806189848,True,AM0026
2026-03-05 18:00:00+00:00,24.886547,55.2573,False,1.2203682898726045,True,AM0026
2026-03-05 19:00:00+00:00,24.560274,81.08559999999999,False,2.3014940953075005,True,AM0026
2026-03-05 20:00:00+00:00,24.199366,92.5131,False,2.822955587704593,True,AM0026
2026-03-05 21:00:00+00:00,23.827593,95.1772,False,2.99441104270307,True,AM0026
2026-03-05 22:00:00+00:00,23.47247,87.5671,False,2.730630074301575,True,AM0026
2026-03-05 23:00:00+00:00,23.167969,53.3153,False,1.301250514247176,True,AM0026
2026-03-05 06:00:00+00:00,15.053131,33.2303,False,1.20753408520033,True,AM0028
2026-03-05 07:00:00+00:00,14.877316,39.1407,False,1.6308978548649722,True,AM0028
2026-03-05 08:00:00+00:00,14.673353,36.8643,False,1.5123296297456552,True,AM0028
2026-03-05 09:00:00+00:00,14.463543,37.6555,False,1.6034769047121074,True,AM0028
2026-03-05 10:00:00+00:00,14.258014,41.212300000000006,False,1.8904657264375353,True,AM0028
2026-03-05 11:00:00+00:00,14.062462,44.081700000000005,False,2.134707170104086,True,AM0028
2026-03-05 12:00:00+00:00,13.883504,46.0199,False,2.314717976489618,True,AM0028
2026-03-05 13:00:00+00:00,13.721238,50.7785,False,2.7007228863476396,True,AM0028
2026-03-05 14:00:00+00:00,13.576128,64.6115,False,3.7591993808200037,True,AM0028
2026-03-05 15:00:00+00:00,13.450471,57.2667,False,3.2575981407617967,True,AM0028
2026-03-05 16:00:00+00:00,13.345088,51.871,False,2.8868983089740055,True,AM0028
2026-03-05 17:00:00+00:00,13.257397,46.85479999999999,False,2.534238362730397,True,AM0028
2026-03-05 18:00:00+00:00,13.18347,46.58970000000001,False,2.5339482552425627,True,AM0028
2026-03-05 19:00:00+00:00,13.120371,68.4599,False,4.217832689723127,True,AM0028
2026-03-05 20:00:00+00:00,13.059815,77.1046,False,4.903957873696831,True,AM0028
2026-03-05 21:00:00+00:00,13.006339,75.1477,False,4.77777494321621,True,AM0028
2026-03-05 22:00:00+00:00,12.961116,59.011100000000006,False,3.552933616340274,True,AM0028
2026-03-05 23:00:00+00:00,12.932955,36.5359,False,1.8250234071267806,True,AM0028
2026-03-05 20:00:00+00:00,72.11186,149.3757,False,1.0714442184521416,True,AM0029
2026-03-05 21:00:00+00:00,71.55437,152.9403,False,1.1373999417834357,True,AM0029
2026-03-05 22:00:00+00:00,71.046295,160.6154,False,1.2607146456361453,True,AM0029
2026-03-05 23:00:00+00:00,70.58468,153.16090000000003,False,1.1698887482320772,True,AM0029
2026-03-05 07:00:00+00:00,6.353845,13.7611,False,1.165790909479107,True,AM0031
2026-03-05 08:00:00+00:00,6.2201657,16.7977,False,1.700522900904916,True,AM0031
2026-03-05 09:00:00+00:00,6.089619,17.9461,False,1.946998741525334,True,AM0031
2026-03-05 10:00:00+00:00,5.965494,17.792099999999998,False,1.9825022932009049,True,AM0031
2026-03-05 11:00:00+00:00,5.8498554,18.9331,False,2.236507337539603,True,AM0031
2026-03-05 12:00:00+00:00,5.7457676,18.3208,False,2.18857310224247,True,AM0031
2026-03-05 13:00:00+00:00,5.6521854,18.5505,False,2.282004845154491,True,AM0031
2026-03-05 14:00:00+00:00,5.5695257,22.5598,False,3.0505782968734456,True,AM0031
2026-03-05 15:00:00+00:00,5.497719,20.7139,False,2.767726344683644,True,AM0031
2026-03-05 16:00:00+00:00,5.436006,24.3014,False,3.470451226639413,True,AM0031
2026-03-05 17:00:00+00:00,5.3843527,22.4261,False,3.165050344223059,True,AM0031
2026-03-05 18:00:00+00:00,5.340821,18.91,False,2.5406542825315235,True,AM0031
2026-03-05 19:00:00+00:00,5.303126,29.5678,False,4.575541820054037,True,AM0031
2026-03-05 20:00:00+00:00,5.269008,35.8019,False,5.794808228663562,True,AM0031
2026-03-05 21:00:00+00:00,5.2402196,35.6587,False,5.804810250186155,True,AM0031
2026-03-05 22:00:00+00:00,5.2177825,31.515300000000003,False,5.039979630363603,True,AM0031
2026-03-05 23:00:00+00:00,5.2006674,17.4854,False,2.362145416743455,True,AM0031
2026-03-05 00:00:00+00:00,1.7801043,3.8262,False,1.1494246399069097,True,AM0032
2026-03-05 06:00:00+00:00,2.2594917,6.0768,False,1.689454468130457,True,AM0032
2026-03-05 07:00:00+00:00,2.2671974,8.4077,False,2.7084111464180123,True,AM0032
2026-03-05 08:00:00+00:00,2.2723866,7.1548,False,2.1485840281688957,True,AM0032
2026-03-05 09:00:00+00:00,2.2764854,6.602,False,1.9000844349637298,True,AM0032
2026-03-05 10:00:00+00:00,2.2804062,9.1552,False,3.014723277311812,True,AM0032
2026-03-05 11:00:00+00:00,2.284534,8.7683,False,2.838113193467355,True,AM0032
2026-03-05 12:00:00+00:00,2.2886903,7.385499999999999,False,2.2269546944448866,True,AM0032
2026-03-05 13:00:00+00:00,2.2937167,11.4091,False,3.9740668295195336,True,AM0032
2026-03-05 14:00:00+00:00,2.298897,9.0401,False,2.932364038064469,True,AM0032
2026-03-05 15:00:00+00:00,2.3041096,7.807799999999999,False,2.3886409267419246,True,AM0032
2026-03-05 16:00:00+00:00,2.3086913,9.408500000000002,False,3.0752525684027017,True,AM0032
2026-03-05 17:00:00+00:00,2.312834,8.5473,False,2.695595926780348,True,AM0032
2026-03-05 18:00:00+00:00,2.3168478,9.9867,False,3.310468730311424,True,AM0032
2026-03-05 19:00:00+00:00,2.3204484,11.5592,False,3.981451001894034,True,AM0032
2026-03-05 20:00:00+00:00,2.3246655,11.2918,False,3.8573869120239124,True,AM0032
2026-03-05 21:00:00+00:00,2.3291497,10.9882,False,3.7176872706993707,True,AM0032
2026-03-05 22:00:00+00:00,2.3323147,9.9739,False,3.2763954079745163,True,AM0032
2026-03-05 23:00:00+00:00,2.3352008,5.000900000000001,False,1.1415289120818515,True,AM0032
2026-03-05 09:00:00+00:00,24.231297,52.6187,False,1.1715181403787005,True,AM0033
2026-03-05 10:00:00+00:00,23.73206,54.5221,False,1.2974028043709134,True,AM0033
2026-03-05 11:00:00+00:00,23.268738,53.5854,False,1.3028924248822904,True,AM0033
2026-03-05 12:00:00+00:00,22.832533,52.3991,False,1.2949315465444604,True,AM0033
2026-03-05 13:00:00+00:00,22.42997,60.7653,False,1.7091119861248918,True,AM0033
2026-03-05 14:00:00+00:00,22.053654,63.261,False,1.8685042765098727,True,AM0033
2026-03-05 15:00:00+00:00,21.697622,59.877,False,1.759611130396685,True,AM0033
2026-03-05 16:00:00+00:00,21.370092,51.4282,False,1.406550194388956,True,AM0033
2026-03-05 17:00:00+00:00,21.078789,47.78809999999999,False,1.2671179331115563,True,AM0033
2026-03-05 18:00:00+00:00,20.813524,54.3587,False,1.6117008997110687,True,AM0033
2026-03-05 19:00:00+00:00,20.560976,72.10149999999999,False,2.506715824203123,True,AM0033
2026-03-05 20:00:00+00:00,20.301094,77.05290000000001,False,2.795504803365773,True,AM0033
2026-03-05 21:00:00+00:00,20.057196,76.55399999999999,False,2.81678482298975,True,AM0033
2026-03-05 22:00:00+00:00,19.83417,66.51,False,2.353304022947995,True,AM0033
2026-03-05 23:00:00+00:00,19.651964,44.6659,False,1.2728466006534418,True,AM0033
2026-03-05 21:00:00+00:00,70.80178,152.426,False,1.15285545775162,True,AM0034
2026-03-05 22:00:00+00:00,69.86809,159.1527,False,1.2779026173896428,True,AM0034
2026-03-05 12:00:00+00:00,51.180317,115.0458,False,1.247852434530235,True,AM0035
2026-03-05 13:00:00+00:00,50.50936,120.6334,False,1.3883374680210132,True,AM0035
2026-03-05 14:00:00+00:00,49.84106,117.6382,False,1.3602667859218929,True,AM0035
2026-03-05 15:00:00+00:00,49.169197,113.34680000000002,False,1.305240002389559,True,AM0035
2026-03-05 16:00:00+00:00,48.530792,98.37650000000002,False,1.0270944583171153,True,AM0035
2026-03-05 18:00:00+00:00,47.463608,96.5227,False,1.0336148998818546,True,AM0035
2026-03-05 19:00:00+00:00,46.96272,129.1479,False,1.7500090039513458,True,AM0035
2026-03-05 20:00:00+00:00,46.396023,136.48429999999996,False,1.9417241343779805,True,AM0035
2026-03-05 21:00:00+00:00,45.79702,144.93569999999997,False,2.164740852818569,True,AM0035
2026-03-05 22:00:00+00:00,45.174404,135.8993,False,2.008325235811356,True,AM0035
2026-03-05 23:00:00+00:00,44.58466,108.024,False,1.4228961491755237,True,AM0035
2026-03-05 09:00:00+00:00,66.51916,135.60430000000002,False,1.0385751305426358,True,AM0038
2026-03-05 10:00:00+00:00,64.93663,144.3894,False,1.2235431596355653,True,AM0038
2026-03-05 11:00:00+00:00,63.454468,153.798,False,1.4237536834936777,True,AM0038
2026-03-05 12:00:00+00:00,62.089577,158.47739999999996,False,1.5523994262616874,True,AM0038
2026-03-05 13:00:00+00:00,60.833065,169.41799999999992,False,1.7849657075179473,True,AM0038
2026-03-05 14:00:00+00:00,59.684784,183.6993,False,2.0778246629555603,True,AM0038
2026-03-05 15:00:00+00:00,58.614647,167.7486,False,1.8618887741988894,True,AM0038
2026-03-05 16:00:00+00:00,57.67585,155.6468,False,1.6986477048989717,True,AM0038
2026-03-05 17:00:00+00:00,56.864395,155.2969,False,1.7310041654938126,True,AM0038
2026-03-05 18:00:00+00:00,56.129856,144.5005,False,1.574396408887934,True,AM0038
2026-03-05 19:00:00+00:00,55.46926,191.5139,False,2.4526131403663616,True,AM0038
2026-03-05 20:00:00+00:00,54.79408,210.5938,False,2.8433678329600256,True,AM0038
2026-03-05 21:00:00+00:00,54.16852,211.1056,False,2.8972006742839223,True,AM0038
2026-03-05 22:00:00+00:00,53.586384,217.128,False,3.051924845890851,True,AM0038
2026-03-05 23:00:00+00:00,53.102276,165.7765,False,2.1218341841563517,True,AM0038
2026-03-05 00:00:00+00:00,5.650232,33.8857,False,4.997222940614267,True,AM0040
2026-03-05 06:00:00+00:00,15.026506,36.2444,False,1.412031045501793,True,AM0040
2026-03-05 07:00:00+00:00,14.973154,35.3616,False,1.3616667429870024,True,AM0040
2026-03-05 08:00:00+00:00,14.881272,39.5155,False,1.6553845102054616,True,AM0040
2026-03-05 09:00:00+00:00,14.7794695,37.9619,False,1.5685563359059589,True,AM0040
2026-03-05 10:00:00+00:00,14.679338,41.81680000000001,False,1.848684232441435,True,AM0040
2026-03-05 11:00:00+00:00,14.588958,47.4066,False,2.2494850347481905,True,AM0040
2026-03-05 12:00:00+00:00,14.511091,46.26819999999999,False,2.188471442934146,True,AM0040
2026-03-05 13:00:00+00:00,14.443501,51.2692,False,2.5496378837022564,True,AM0040
2026-03-05 14:00:00+00:00,14.387114,55.863200000000006,False,2.8828636281814473,True,AM0040
2026-03-05 15:00:00+00:00,14.338643,54.2106,False,2.780734321936246,True,AM0040
2026-03-05 16:00:00+00:00,14.29941,52.5813,False,2.6771657356153633,True,AM0040
2026-03-05 17:00:00+00:00,14.267703,45.1641,False,2.1654779905126547,True,AM0040
2026-03-05 18:00:00+00:00,14.242081,49.824000000000005,False,2.4983652381855412,True,AM0040
2026-03-05 19:00:00+00:00,14.220476,67.9755,False,3.780114201559225,True,AM0040
2026-03-05 20:00:00+00:00,14.201253,78.00319999999999,False,4.492698450221216,True,AM0040
2026-03-05 21:00:00+00:00,14.187454,83.2095,False,4.8650057077465965,True,AM0040
2026-03-05 22:00:00+00:00,14.178438,74.6566,False,4.265502378838743,True,AM0040
2026-03-05 23:00:00+00:00,14.173147,48.2549,False,2.404670770283351,True,AM0040
2026-03-05 10:00:00+00:00,18.383335,37.6347,False,1.0472182967665413,True,AM0041
2026-03-05 11:00:00+00:00,17.962177,36.0506,False,1.00702840445416,True,AM0041
2026-03-05 12:00:00+00:00,17.58128,36.1493,False,1.056124497448049,True,AM0041
2026-03-05 13:00:00+00:00,17.2303,39.38440000000001,False,1.2857639121328726,True,AM0041
2026-03-05 14:00:00+00:00,16.909367,39.9691,False,1.3637254385317805,True,AM0041
2026-03-05 15:00:00+00:00,16.605835,40.947,False,1.465820002205315,True,AM0041
2026-03-05 16:00:00+00:00,16.337255,39.806,False,1.4365169568312237,True,AM0041
2026-03-05 17:00:00+00:00,16.095291,38.9609,False,1.420639655827861,True,AM0041
2026-03-05 18:00:00+00:00,15.870518,41.6906,False,1.6269212326526474,True,AM0041
2026-03-05 19:00:00+00:00,15.661111,56.9026,False,2.633369333970289,True,AM0041
2026-03-05 20:00:00+00:00,15.439099,62.26360000000001,False,3.0328518356182195,True,AM0041
2026-03-05 21:00:00+00:00,15.224868,61.3845,False,3.0318576635772363,True,AM0041
2026-03-05 22:00:00+00:00,15.044027,52.3265,False,2.4782242053563133,True,AM0041
2026-03-05 23:00:00+00:00,14.903204,31.6962,False,1.1268044157530532,True,AM0041
2026-03-05 10:00:00+00:00,30.817703,63.5534,False,1.0622367439417053,True,AM0042
2026-03-05 12:00:00+00:00,29.274582,60.524800000000006,False,1.0674864012667975,True,AM0042
2026-03-05 13:00:00+00:00,28.62925,62.2319,False,1.1737174717714332,True,AM0042
2026-03-05 14:00:00+00:00,28.055935,73.02669999999999,False,1.6028966863751655,True,AM0042
2026-03-05 15:00:00+00:00,27.545927,69.9881,False,1.5407785288449336,True,AM0042
2026-03-05 16:00:00+00:00,27.09706,63.7297,False,1.351904662875441,True,AM0042
2026-03-05 17:00:00+00:00,26.707018,65.23839999999998,False,1.4427437105779821,True,AM0042
2026-03-05 18:00:00+00:00,26.365158,71.1481,False,1.6985652724428442,True,AM0042
2026-03-05 19:00:00+00:00,26.05896,95.2718,False,2.65600930132334,True,AM0042
2026-03-05 20:00:00+00:00,25.778975,104.7168,False,3.062101068668244,True,AM0042
2026-03-05 21:00:00+00:00,25.528486,99.87319999999998,False,2.9122257001367045,True,AM0042
2026-03-05 22:00:00+00:00,25.311605,88.424,False,2.4934172849080873,True,AM0042
2026-03-05 23:00:00+00:00,25.125214,57.013,False,1.2691548360688591,True,AM0042
2026-03-05 12:00:00+00:00,46.127563,105.78719999999998,False,1.293361973340531,True,AM0043
2026-03-05 13:00:00+00:00,45.124954,112.4591,False,1.4921709491973956,True,AM0043
2026-03-05 14:00:00+00:00,44.18699,131.734,False,1.9812848416788438,True,AM0043
2026-03-05 15:00:00+00:00,43.310455,127.33020000000002,False,1.9399413848817328,True,AM0043
2026-03-05 16:00:00+00:00,42.5145,109.85729999999998,False,1.5839960688101777,True,AM0043
2026-03-05 17:00:00+00:00,41.80333,98.24970000000002,False,1.3502840862410634,True,AM0043
2026-03-05 18:00:00+00:00,41.170284,106.54840000000002,False,1.5879928177816853,True,AM0043
2026-03-05 19:00:00+00:00,40.581867,128.61610000000002,False,2.1692997098688673,True,AM0043
2026-03-05 20:00:00+00:00,40.015858,147.6431,False,2.6896147802122745,True,AM0043
2026-03-05 21:00:00+00:00,39.482616,155.6762,False,2.9429048552912036,True,AM0043
2026-03-05 22:00:00+00:00,38.970387,150.9424,False,2.873258993213782,True,AM0043
2026-03-05 23:00:00+00:00,38.51369,101.4667,False,1.6345618272659443,True,AM0043
2026-03-05 10:00:00+00:00,32.37352,70.3888,False,1.1742708306958185,True,AM0044
2026-03-05 11:00:00+00:00,31.639154,75.39999999999999,False,1.3831231064281353,True,AM0044
2026-03-05 12:00:00+00:00,30.957056,74.9769,False,1.4219647982586765,True,AM0044
2026-03-05 13:00:00+00:00,30.314049,79.286,False,1.6154869845718558,True,AM0044
2026-03-05 14:00:00+00:00,29.705486,80.59400000000002,False,1.7131015191120211,True,AM0044
2026-03-05 15:00:00+00:00,29.147778,72.4464,False,1.4854862384413383,True,AM0044
2026-03-05 16:00:00+00:00,28.656527,65.7583,False,1.294705879638902,True,AM0044
2026-03-05 17:00:00+00:00,28.20994,70.5768,False,1.5018415533112517,True,AM0044
2026-03-05 18:00:00+00:00,27.790764,58.9661,False,1.1217876668558175,True,AM0044
2026-03-05 19:00:00+00:00,27.42483,85.69959999999999,False,2.1248908968795024,True,AM0044
2026-03-05 20:00:00+00:00,27.040524,92.2878,False,2.4129442760545903,True,AM0044
2026-03-05 21:00:00+00:00,26.68939,97.4465,False,2.651132503728491,True,AM0044
2026-03-05 22:00:00+00:00,26.356052,97.077,False,2.6832905979825683,True,AM0044
2026-03-05 23:00:00+00:00,26.0514,83.39980000000001,False,2.201355875767914,True,AM0044
2026-03-05 06:00:00+00:00,14.312048,29.8331,False,1.084474569032209,True,AM0045
2026-03-05 07:00:00+00:00,14.099228,31.7353,False,1.2508537498092547,True,AM0045
2026-03-05 08:00:00+00:00,13.865052,35.8602,False,1.5863732370211878,True,AM0045
2026-03-05 09:00:00+00:00,13.63321,35.04169999999999,False,1.570319061447283,True,AM0045
2026-03-05 10:00:00+00:00,13.412229,36.6181,False,1.7302024991501193,True,AM0045
2026-03-05 11:00:00+00:00,13.211719,41.1527,False,2.1148635066208223,True,AM0045
2026-03-05 12:00:00+00:00,13.030749,48.6112,False,2.730499206344153,True,AM0045
2026-03-05 13:00:00+00:00,12.865919,51.4107,False,2.9958824198900382,True,AM0045
2026-03-05 14:00:00+00:00,12.7188635,52.0513,False,3.092448987459037,True,AM0045
2026-03-05 15:00:00+00:00,12.593525,48.7066,False,2.8675907071026505,True,AM0045
2026-03-05 16:00:00+00:00,12.485136,42.6777,False,2.418280737210859,True,AM0045
2026-03-05 17:00:00+00:00,12.394887,36.1605,False,1.917372307307366,True,AM0045
2026-03-05 18:00:00+00:00,12.316297,40.5797,False,2.2947972424020526,True,AM0045
2026-03-05 19:00:00+00:00,12.244585,60.6837,False,3.955962151063704,True,AM0045
2026-03-05 20:00:00+00:00,12.169802,75.0967,False,5.1707414612785465,True,AM0045
2026-03-05 21:00:00+00:00,12.097276,74.4546,False,5.154658423719579,True,AM0045
2026-03-05 22:00:00+00:00,12.032517,55.976600000000005,False,3.652110442466991,True,AM0045
2026-03-05 23:00:00+00:00,11.986377,35.3365,False,1.9480551713405132,True,AM0045
2026-03-05 21:00:00+00:00,66.405106,135.5763,False,1.041654761237843,True,AM0046
2026-03-05 22:00:00+00:00,65.72312,144.8127,False,1.2033752563741367,True,AM0046
2026-03-05 23:00:00+00:00,65.067604,135.68380000000002,False,1.0852742612833781,True,AM0046
2026-03-05 06:00:00+00:00,28.788755,59.74629999999999,False,1.0753345927899631,True,AM0047
2026-03-05 07:00:00+00:00,28.21002,73.28469999999999,False,1.5978251639077965,True,AM0047
2026-03-05 08:00:00+00:00,27.78021,80.77080000000004,False,1.9074941679996162,True,AM0047
2026-03-05 09:00:00+00:00,27.449017,85.17580000000001,False,2.1030547043295242,True,AM0047
2026-03-05 10:00:00+00:00,27.185009,95.07049999999998,False,2.497166397502689,True,AM0047
2026-03-05 11:00:00+00:00,26.965181,100.3954,False,2.7231494457338026,True,AM0047
2026-03-05 12:00:00+00:00,26.779825,102.5399,False,2.828998105615811,True,AM0047
2026-03-05 13:00:00+00:00,26.618496,113.31799999999998,False,3.257115062041058,True,AM0047
2026-03-05 14:00:00+00:00,26.476398,113.31130000000002,False,3.279709724752613,True,AM0047
2026-03-05 15:00:00+00:00,26.350458,105.1026,False,2.9886441222798403,True,AM0047
2026-03-05 16:00:00+00:00,26.242659,90.1042,False,2.4335012058615084,True,AM0047
2026-03-05 17:00:00+00:00,26.15104,94.5175,False,2.6142923251924266,True,AM0047
2026-03-05 18:00:00+00:00,26.071075,87.0597,False,2.3393213947842497,True,AM0047
2026-03-05 19:00:00+00:00,26.000422,117.2573,False,3.5098230385052966,True,AM0047
2026-03-05 20:00:00+00:00,25.931734,128.025,False,3.9370011114546024,True,AM0047
2026-03-05 21:00:00+00:00,25.871235,134.4362,False,4.196358061447755,True,AM0047
2026-03-05 22:00:00+00:00,25.818817,134.601,False,4.213290728117528,True,AM0047
2026-03-05 23:00:00+00:00,25.776358,101.00679999999998,False,2.918583120568792,True,AM0047
2026-03-05 07:00:00+00:00,2.6677527,7.071899999999999,False,1.6508828523081645,True,AM0052
2026-03-05 08:00:00+00:00,2.6366687,12.1108,False,3.5932202563886935,True,AM0052
2026-03-05 09:00:00+00:00,2.618009,13.4808,False,4.149256375507412,True,AM0052
2026-03-05 10:00:00+00:00,2.6082437,14.9348,False,4.725998677960874,True,AM0052
2026-03-05 11:00:00+00:00,2.6053662,17.822499999999998,False,5.840688957546227,True,AM0052
2026-03-05 12:00:00+00:00,2.60796,20.4715,False,6.849621969658393,True,AM0052
2026-03-05 13:00:00+00:00,2.6127887,20.242600000000003,False,6.747507548743799,True,AM0052
2026-03-05 14:00:00+00:00,2.620565,23.5662,False,7.992793752960256,True,AM0052
2026-03-05 15:00:00+00:00,2.6292474,23.9016,False,8.090662124329981,True,AM0052
2026-03-05 16:00:00+00:00,2.6372151,19.850900000000003,False,6.527220558484994,True,AM0052
2026-03-05 17:00:00+00:00,2.6445935,14.7543,False,4.579042725064547,True,AM0052
2026-03-05 18:00:00+00:00,2.6499305,12.0343,False,3.541364425899091,True,AM0052
2026-03-05 19:00:00+00:00,2.653897,12.247699999999998,False,3.6149868600393606,True,AM0052
2026-03-05 20:00:00+00:00,2.6570482,10.336099999999998,False,2.8900686488040517,True,AM0052
2026-03-05 21:00:00+00:00,2.6590147,10.4212,False,2.91919608145675,True,AM0052
2026-03-05 22:00:00+00:00,2.661202,9.4096,False,2.535845893338852,True,AM0052
2026-03-05 23:00:00+00:00,2.6625829,6.5494,False,1.4597919798934105,True,AM0052
2026-03-05 00:00:00+00:00,6.563695,22.9464,False,2.4959577130106023,True,AM0053
2026-03-05 05:00:00+00:00,9.858501,23.9619,False,1.4305823922251926,True,AM0053
2026-03-05 09:00:00+00:00,9.527536,20.9047,False,1.1941348885413976,True,AM0053
2026-03-05 10:00:00+00:00,9.429677,26.0472,False,1.7622579197071766,True,AM0053
2026-03-05 11:00:00+00:00,9.333,29.4411,False,2.154516170833691,True,AM0053
2026-03-05 12:00:00+00:00,9.24615,26.3523,False,1.8500835431138682,True,AM0053
2026-03-05 13:00:00+00:00,9.166068,29.8258,False,2.2539361206094606,True,AM0053
2026-03-05 14:00:00+00:00,9.089124,34.2914,False,2.772794939771602,True,AM0053
2026-03-05 15:00:00+00:00,9.023522,33.2231,False,2.681832726943751,True,AM0053
2026-03-05 16:00:00+00:00,8.965002,28.4051,False,2.168443220659017,True,AM0053
2026-03-05 17:00:00+00:00,8.913536,32.609,False,2.658368546154077,True,AM0053
2026-03-05 18:00:00+00:00,8.865475,21.5014,False,1.4252959627474848,True,AM0053
2026-03-05 19:00:00+00:00,8.829424,34.4127,False,2.8975023028147002,True,AM0053
2026-03-05 20:00:00+00:00,8.786548,30.971100000000003,False,2.524831503284957,True,AM0053
2026-03-05 21:00:00+00:00,8.745777,37.3286,False,3.268185599129044,True,AM0053
2026-03-05 22:00:00+00:00,8.716477,39.0343,False,3.478219610413212,True,AM0053
2026-03-05 23:00:00+00:00,8.69042,36.7772,False,3.2319242754675246,True,AM0053
