datetime,site_name,ActualTraffic,PredictedTraffic,deviation,is_null_anomaly,is_deviation_anomaly
2026-03-05 06:00:00+00:00,1_L4,2.6742,0.6628608,3.034331124429107,False,True
2026-03-05 10:00:00+00:00,1_L4,5.4876,1.8041272,2.041692376403088,False,True
2026-03-05 04:00:00+00:00,1_L5,0.0399,0.019726332,1.0226770714189535,False,True
2026-03-05 00:00:00+00:00,1_L7,0.2769,0.08847594,2.129664311294951,False,True
2026-03-05 04:00:00+00:00,1_L7,0.0922,0.027964959,2.296983208887052,False,True
2026-03-05 03:00:00+00:00,1_L8,0.3083,0.12291979,1.5081396484607392,False,True
2026-03-05 04:00:00+00:00,1_L8,0.144,0.051464155,1.798063994538033,False,True
2026-03-05 01:00:00+00:00,AM0200,2.1814,1.089512,1.0021808102400473,False,True
2026-03-05 03:00:00+00:00,AM0287,0.9209,0.44909373,1.050574167495903,False,True
2026-03-05 07:00:00+00:00,AM5020,1.7415,0.5403604,2.2228490995167194,False,True
2026-03-05 02:00:00+00:00,AN0069,4.1902,1.7617818,1.378387591550303,False,True
2026-03-05 03:00:00+00:00,AN0069,4.6944,1.7617818,1.6645751300113938,False,True
2026-03-05 02:00:00+00:00,AN0228,0.7352000000000001,0.32759607,1.2442271777880882,False,True
2026-03-05 06:00:00+00:00,AN0394,0.4012,0.14285414,1.8084590493637123,False,True
2026-03-05 11:00:00+00:00,AN0394,0.3738,0.14548443,1.5693470660468625,False,True
2026-03-05 04:00:00+00:00,AN5055,3.7389,1.5319334,1.4406413062419747,False,True
2026-03-05 01:00:00+00:00,AN5064,3.3707,1.551193,1.1729726748511988,False,True
2026-03-05 01:00:00+00:00,AN5111,5.2116,2.5720065,1.026277955727116,False,True
2026-03-05 03:00:00+00:00,BA0013,7.641399999999999,3.1276236,1.4431968420067256,False,True
2026-03-05 01:00:00+00:00,BA0125,1.1116,0.53338355,1.0840537801115269,False,True
2026-03-05 02:00:00+00:00,BA0125,1.6838,0.52712,2.1943390853007245,False,True
2026-03-05 03:00:00+00:00,BA0125,1.0948,0.44888577,1.4389278441322984,False,True
2026-03-05 03:00:00+00:00,BA5020,10.014200000000002,4.151053,1.412448146590578,False,True
2026-03-05 02:00:00+00:00,BA5083,3.0705000000000005,0.26754037,10.476772840423454,False,True
2026-03-05 03:00:00+00:00,BA5083,3.7412,0.26754037,12.983684269855795,False,True
2026-03-05 23:00:00+00:00,BD0007,81.06835794200899,30.477085,1.659977410570401,False,True
2026-03-05 23:00:00+00:00,BD0021,58.90405940570833,29.436993,1.0010216436014168,False,True
2026-03-05 03:00:00+00:00,BD0026,7.677202706527713,3.7503605,1.0470572706989745,False,True
2026-03-05 02:00:00+00:00,BD0052,10.11062689113617,2.503536,3.038538670061523,False,True
2026-03-05 03:00:00+00:00,BD0052,9.529973344802862,2.462857,2.8694789481984047,False,True
2026-03-05 04:00:00+00:00,BD0088,20.252228498458887,6.8553357,1.954228552473276,False,True
2026-03-05 05:00:00+00:00,BD0088,23.543666601181005,11.754575,1.0029364779626715,False,True
2026-03-05 08:00:00+00:00,BD0221,0.0118707418441772,0.0051671723,1.2973381139751494,False,True
2026-03-05 10:00:00+00:00,BD0221,0.0142277479171753,0.004674615,2.0436192722553894,False,True
2026-03-05 22:00:00+00:00,BD0221,0.219292640686035,0.08869761,1.4723623898678766,False,True
2026-03-05 12:00:00+00:00,BD0222,0.0287990570068359,0.013188623,1.1836288172677156,False,True
2026-03-05 15:00:00+00:00,BD0222,0.406846880912781,0.1986714,1.0478381880459744,False,True
2026-03-05 20:00:00+00:00,BD0222,0.856418251991272,0.27178538,2.1510828759669827,False,True
2026-03-05 05:00:00+00:00,BD0223,0.0438187122344971,0.014246887,2.07566933582124,False,True
2026-03-05 08:00:00+00:00,BD0223,0.000346183776855469,0.00015985938,1.1655518438793575,False,True
2026-03-05 14:00:00+00:00,BD0223,0.239485740661621,0.07832505,2.057588172680237,False,True
2026-03-05 16:00:00+00:00,BD0223,0.337409973144531,0.12694253,1.6579742219979885,False,True
2026-03-05 17:00:00+00:00,BD0223,0.258498311042786,0.12712014,1.033496161243709,False,True
2026-03-05 19:00:00+00:00,BD0223,0.375847816467285,0.07920952,3.744982797059479,False,True
2026-03-05 20:00:00+00:00,BD0223,0.127575516700745,0.040114883,2.180253963106573,False,True
2026-03-05 21:00:00+00:00,BD0223,0.1523197889328,0.040114883,2.797089166798296,False,True
2026-03-05 22:00:00+00:00,BD0223,0.203627824783325,0.07805644,1.6087254993481612,False,True
2026-03-05 06:00:00+00:00,BD0226,0.0317193269729614,0.015803263,1.0071378798893753,False,True
2026-03-05 15:00:00+00:00,BD0226,0.0426347255706787,0.01296926,2.287367608390193,False,True
2026-03-05 19:00:00+00:00,BD5044,8.54743719100952,2.0906687,3.0883748246644385,False,True
2026-03-05 22:00:00+00:00,CM0104,7.7438,3.6434667,1.1253933723413732,False,True
2026-03-05 02:00:00+00:00,CM0130,23.6228,10.670533,1.2138350165812173,False,True
2026-03-05 04:00:00+00:00,CM0131,15.4479,3.346133,3.6166425629505845,False,True
2026-03-05 00:00:00+00:00,CM0171,16.8467,5.843193,1.8831325345126315,False,True
2026-03-05 04:00:00+00:00,CM0220,1.7607,0.85837597,1.0511990882956017,False,True
2026-03-05 08:00:00+00:00,CM0618,32.92865145206451,15.428698,1.1342469944978912,False,True
2026-03-05 09:00:00+00:00,CM0618,31.979630827903748,15.428698,1.0727369014477663,False,True
2026-03-05 01:00:00+00:00,CM0628,27.6041,9.96706,1.7695328164176047,False,True
2026-03-05 02:00:00+00:00,CM0628,22.4133,8.697245,1.5770575529385653,False,True
2026-03-05 01:00:00+00:00,CM0700,0.0128,0.0063428646,1.018015646964386,False,True
2026-03-05 04:00:00+00:00,CM0700,0.0748,0.025757913,1.9039620297361846,False,True
2026-03-05 23:00:00+00:00,CM0704,0.054,0.010790361,4.004466443904754,False,True
2026-03-05 07:00:00+00:00,CM0724,0.3006,0.13837227,1.1724005474904926,False,True
2026-03-05 03:00:00+00:00,CM0732,0.5236000000000001,0.18471056,1.8347052473935352,False,True
2026-03-05 04:00:00+00:00,CM0732,0.5782,0.18471056,2.1303028534051607,False,True
2026-03-05 05:00:00+00:00,CM0732,0.8197,0.37777382,1.1698168418930093,False,True
2026-03-05 21:00:00+00:00,CM0732,3.4848,1.4760504,1.3608950307898362,False,True
2026-03-05 22:00:00+00:00,CM0732,2.5482,0.3565284,6.147256684667563,False,True
2026-03-05 04:00:00+00:00,CM0734,0.4432,0.14923468,1.9698190333870196,False,True
2026-03-05 08:00:00+00:00,CM0736,10.3104,4.046634,1.5478952377372426,False,True
2026-03-05 04:00:00+00:00,CM0738,0.4701,0.23105985,1.0345378113116823,False,True
2026-03-05 08:00:00+00:00,CM0740,2.1869,0.9650285,1.2661506315187951,False,True
2026-03-05 09:00:00+00:00,CM0740,10.4237,3.0338566,2.435791888057109,False,True
2026-03-05 10:00:00+00:00,CM0740,17.3664,3.0338566,4.72419930012903,False,True
2026-03-05 11:00:00+00:00,CM0740,14.8699,3.0338566,3.9013192816581825,False,True
2026-03-05 12:00:00+00:00,CM0740,13.6747,3.0338566,3.5073652668068482,False,True
2026-03-05 13:00:00+00:00,CM0740,12.4582,3.0888078,3.0333360703749843,False,True
2026-03-05 14:00:00+00:00,CM0740,14.9217,3.038626,3.9106735143199396,False,True
2026-03-05 15:00:00+00:00,CM0740,9.0838,3.00468,2.023217196849429,False,True
2026-03-05 16:00:00+00:00,CM0740,8.8969,3.00468,1.961014231780718,False,True
2026-03-05 17:00:00+00:00,CM0740,6.1148,3.00468,1.0350919786097104,False,True
2026-03-05 20:00:00+00:00,CM0740,0.0325,0.008231923,2.9480447111424875,False,True
2026-03-05 03:00:00+00:00,CM0742,0.5573,0.2782151,1.003126283813676,False,True
2026-03-05 07:00:00+00:00,CM0742,2.5639000000000003,1.2420186,1.0643008408928203,False,True
2026-03-05 16:00:00+00:00,CM0746,18.6403,9.189029,1.0285386549072457,False,True
2026-03-05 20:00:00+00:00,CM0755,0.7297,0.33424577,1.1831241048958725,False,True
2026-03-05 21:00:00+00:00,CM0755,0.7454,0.33632708,1.2162949500162334,False,True
2026-03-05 22:00:00+00:00,CM0755,0.7399,0.33481276,1.2098918787316018,False,True
2026-03-05 03:00:00+00:00,CM0758,0.9326,0.24751239,2.767892257437038,False,True
2026-03-05 09:00:00+00:00,CM0758,3.823,1.4936332,1.5595307638299778,False,True
2026-03-05 06:00:00+00:00,CM0768,2.0282,0.9338996,1.1717538376977368,False,True
2026-03-05 07:00:00+00:00,CM0771,0.4002,0.17510304,1.2855114526584452,False,True
2026-03-05 01:00:00+00:00,CM0781,0.0833,0.00257903,31.29896367259645,False,True
2026-03-05 03:00:00+00:00,CM0781,0.216,0.08618967,1.5061007207528374,False,True
2026-03-05 17:00:00+00:00,CM0781,0.5773,0.28409612,1.0320587143767697,False,True
2026-03-05 19:00:00+00:00,CM0789,2.1078,1.0391455,1.0283974299367764,False,True
2026-03-05 22:00:00+00:00,CM0789,2.3773,1.1258831,1.1114980719548286,False,True
2026-03-05 01:00:00+00:00,CM0872,0.3886,0.14358687,1.7063755143653683,False,True
2026-03-05 03:00:00+00:00,CM0872,0.3571,0.13693662,1.607775774797351,False,True
2026-03-05 05:00:00+00:00,CM0951,0.0008,0.00032479485,1.4630932570695743,False,True
2026-03-05 05:00:00+00:00,CM0952,0.1262,0.06053208,1.0848449923305843,False,True
2026-03-05 21:00:00+00:00,CM0952,0.9629,0.3892566,1.4736896137316975,False,True
2026-03-05 22:00:00+00:00,CM0952,0.6337,0.26155052,1.4228589182604412,False,True
2026-03-05 04:00:00+00:00,CM1067,1.4213999999999998,0.19030575,6.4690332061591995,False,True
2026-03-05 00:00:00+00:00,CM1203,0.8147,0.34367183,1.3705754514008457,False,True
2026-03-05 05:00:00+00:00,CM1203,0.09,0.027694358,2.2497594431641286,False,True
2026-03-05 23:00:00+00:00,CM1267,0.2284,0.10814758,1.111928972378291,False,True
2026-03-05 00:00:00+00:00,CM1278,0.2348,0.09231529,1.5434574181774394,False,True
2026-03-05 06:00:00+00:00,CM1278,0.0429,0.01212178,2.539084239403267,False,True
2026-03-05 01:00:00+00:00,CM1323,0.4041,0.07069758,4.715895528202571,False,True
2026-03-05 02:00:00+00:00,CM1323,0.6463,0.30891582,1.092155695564949,False,True
2026-03-05 03:00:00+00:00,CM1323,0.6897,0.07765984,7.881038367269874,False,True
2026-03-05 04:00:00+00:00,CM1323,0.3068,0.06452272,3.7549141736006764,False,True
2026-03-05 05:00:00+00:00,CM1323,0.2482,0.070134476,2.5389157339888606,False,True
2026-03-05 06:00:00+00:00,CM1323,0.223,0.08748498,1.5490090383821884,False,True
2026-03-05 02:00:00+00:00,CM1355,0.1664,0.07330829,1.269866097735686,False,True
2026-03-05 02:00:00+00:00,CM1404,0.5307999999999999,0.2025794,1.6202072657243651,False,True
2026-03-05 22:00:00+00:00,CM1417,8.0673,3.9371812,1.0490039751273712,False,True
2026-03-05 03:00:00+00:00,CM1420,9.176,3.559291,1.578041608311695,False,True
2026-03-05 22:00:00+00:00,CM1433,15.4924,4.2093043,2.6805131621216347,False,True
2026-03-05 23:00:00+00:00,CM1433,9.9331,4.1243205,1.4084209709264084,False,True
2026-03-05 16:00:00+00:00,CM1482,6.1215,2.6725445,1.2905137958425132,False,True
2026-03-05 23:00:00+00:00,CM1482,0.2303,0.06961445,2.308221321340959,False,True
2026-03-05 07:00:00+00:00,CM1483,1.6941000000000002,0.79781646,1.1234207299304104,False,True
2026-03-05 09:00:00+00:00,CM1515,7.3213,3.2120605,1.279315757137689,False,True
2026-03-05 00:00:00+00:00,CM1893,0.6446000000000001,0.29513744,1.1840672280963802,False,True
2026-03-05 01:00:00+00:00,CM1894,0.0239,0.00837699,1.8530532721789716,False,True
2026-03-05 03:00:00+00:00,CM1894,0.0175,0.00837699,1.0890557432272807,False,True
2026-03-05 20:00:00+00:00,CM1894,1.843,0.8702865,1.117693367125574,False,True
2026-03-05 11:00:00+00:00,CM1895,0.3231,0.12475675,1.5898397567975477,False,True
2026-03-05 05:00:00+00:00,CM1899,0.5686,0.280101,1.0299820330409857,False,True
2026-03-05 07:00:00+00:00,CM1899,3.8161,0.9640065,2.958583334344256,False,True
2026-03-05 13:00:00+00:00,CM2014,1.6772,0.7556299,1.219605135262325,False,True
2026-03-05 21:00:00+00:00,CM2014,5.1006,1.9040334,1.6788395307594013,False,True
2026-03-05 06:00:00+00:00,CM2058,0.3497,0.15963537,1.1906173483526663,False,True
2026-03-05 19:00:00+00:00,CM2058,2.5238,1.2516528,1.0163738105313285,False,True
2026-03-05 20:00:00+00:00,CM2058,2.7456,0.7653095,2.5875681077290915,False,True
2026-03-05 06:00:00+00:00,CM2061,0.0041,0.0009158824,3.476557201097699,False,True
2026-03-05 05:00:00+00:00,CM2121,0.3771,0.118235886,2.1893870164830926,False,True
2026-03-05 08:00:00+00:00,CM2121,9.049499999999998,3.3871913,1.6716825860092022,False,True
2026-03-05 16:00:00+00:00,CM2121,6.722,3.237488,1.076301112106193,False,True
2026-03-05 03:00:00+00:00,CM2138,0.1663,0.060924064,1.7296274752037386,False,True
2026-03-05 04:00:00+00:00,CM2138,0.4659999999999999,0.19824323,1.3506477302332442,False,True
2026-03-05 18:00:00+00:00,CM2157,2.9307,1.4276116,1.0528692970099218,False,True
2026-03-05 19:00:00+00:00,CM2157,3.2149,1.3515571,1.378663776293622,False,True
2026-03-05 20:00:00+00:00,CM2157,1.5356,0.76065254,1.0187929639093183,False,True
2026-03-05 04:00:00+00:00,CM2185,0.1755999999999999,0.07431693,1.3628533732665666,False,True
2026-03-05 18:00:00+00:00,CM2197,1.0654,0.52901286,1.0139397032436868,False,True
2026-03-05 23:00:00+00:00,CM2197,0.5372,0.25005978,1.1482862720654294,False,True
2026-03-05 00:00:00+00:00,CM2215,0.0091,0.00080137246,10.355518781034197,False,True
2026-03-05 01:00:00+00:00,CM2215,0.0636,0.009945534,5.394829972424219,False,True
2026-03-05 02:00:00+00:00,CM2215,0.002,0.00071685057,1.7899817430194507,False,True
2026-03-05 06:00:00+00:00,CM2215,0.0366,0.007099872,4.155022520822158,False,True
2026-03-05 20:00:00+00:00,CM2223,3.7479,1.6794695,1.2315975820977965,False,True
2026-03-05 03:00:00+00:00,CM2265,1.504,0.6913176,1.1755557229735003,False,True
2026-03-05 08:00:00+00:00,CM2412,1.92468023300171,0.82430696,1.3349071583973375,False,True
2026-03-05 18:00:00+00:00,CM2412,3.44131529331207,1.5123701,1.2754451913345317,False,True
2026-03-05 19:00:00+00:00,CM2412,7.65289545059204,1.6045496,3.769497452365679,False,True
2026-03-05 20:00:00+00:00,CM2412,8.54385387897492,1.6045496,4.324767543505776,False,True
2026-03-05 21:00:00+00:00,CM2412,4.40734732151032,1.6045496,1.7467815230649684,False,True
2026-03-05 22:00:00+00:00,CM2412,3.66863679885864,1.6045496,1.28639656438239,False,True
2026-03-05 02:00:00+00:00,CM2436,0.0812,0.017607875,3.611572902679274,False,True
2026-03-05 04:00:00+00:00,CM2447,0.0766,0.034185354,1.24072568466553,False,True
2026-03-05 11:00:00+00:00,CM2472,87.23236536808017,43.10539,1.0236997766999638,False,True
2026-03-05 03:00:00+00:00,CM2596,15.5035,7.677661,1.0192999035725363,False,True
2026-03-05 04:00:00+00:00,CM5000,2.137,1.0475193,1.040057826648196,False,True
2026-03-05 04:00:00+00:00,CM5714,0.106,0.041540198,1.5517451777270672,False,True
2026-03-05 05:00:00+00:00,CM5714,0.1126,0.042717174,1.6359421810645758,False,True
2026-03-05 11:00:00+00:00,CM5714,3.9556,1.593166,1.4828549037988483,False,True
2026-03-05 12:00:00+00:00,CM5714,2.6059,1.0835286,1.4050125754720086,False,True
2026-03-05 02:00:00+00:00,CM9002,1.1551,0.47750586,1.4190278909614131,False,True
2026-03-05 23:00:00+00:00,CM9003,0.1593,0.06756553,1.3577110803427956,False,True
2026-03-05 20:00:00+00:00,CM9006,0.236,0.08861182,1.663301612162905,False,True
2026-03-05 00:00:00+00:00,CM9020,0.0191,0.00441837,3.32286129406536,False,True
2026-03-05 01:00:00+00:00,CM9020,0.0091,0.0019415905,3.686879245623087,False,True
2026-03-05 08:00:00+00:00,CM9020,8.0063,2.7765157,1.8835781248306755,False,True
2026-03-05 01:00:00+00:00,GA0122,1.0417953729629517,0.30668703,2.3969332919626822,False,True
2026-03-05 02:00:00+00:00,GA0122,0.6073832511901848,0.21656898,1.8045718302389349,False,True
2026-03-05 01:00:00+00:00,GA0125,1.6681762933731097,0.8080523,1.0644409903526413,False,True
2026-03-05 01:00:00+00:00,GA0148,18.08896857051849,8.194329,1.2074983799942665,False,True
2026-03-05 11:00:00+00:00,GA0164,0.152106046676636,0.075856864,1.0051718163510206,False,True
2026-03-05 14:00:00+00:00,GA0209,4.702162623405457,1.805889,1.6037938080632288,False,True
2026-03-05 17:00:00+00:00,GA0210,3.776075482368471,1.4007211,1.6958082909932695,False,True
2026-03-05 02:00:00+00:00,GA0229,2.2746556997299145,0.60841984,2.7386284383847195,False,True
2026-03-05 01:00:00+00:00,GA0293,0.133080720901489,0.05519966,1.4108974589989418,False,True
2026-03-05 11:00:00+00:00,GA0293,3.47733271121979,0.9928752,2.5022857321925125,False,True
2026-03-05 23:00:00+00:00,GA0293,1.24935209751129,0.51283294,1.4361775560387695,False,True
2026-03-05 01:00:00+00:00,GA0294,0.0166329145431519,0.0072955964,1.279856724639689,False,True
2026-03-05 02:00:00+00:00,GA0294,0.0356302261352539,0.0072955964,3.8837989544253473,False,True
2026-03-05 03:00:00+00:00,GA0294,0.0778676271438599,0.015745701,3.9453260808745942,False,True
2026-03-05 10:00:00+00:00,GA0294,1.26971840858459,0.31078038,3.0855810271115502,False,True
2026-03-05 14:00:00+00:00,GA0319,0.005034327507019,0.0023051114,1.1839844902891399,False,True
2026-03-05 00:00:00+00:00,GA0321,0.0105627775192261,0.0006247423,15.907415276878593,False,True
2026-03-05 01:00:00+00:00,GA0321,0.0071673393249511,0.001446572,3.954706192093454,False,True
2026-03-05 04:00:00+00:00,GA0321,0.0080641508102417,0.001446572,4.574662527053244,False,True
2026-03-05 18:00:00+00:00,GA0321,3.29845261573792,0.56243074,4.864637873883728,False,True
2026-03-05 21:00:00+00:00,GA0321,0.06492018699646,0.0242621,1.6757859282816276,False,True
2026-03-05 04:00:00+00:00,GA0330,14.238837122917175,6.1952024,1.2983651408093775,False,True
2026-03-05 02:00:00+00:00,GA5004,0.1800053119659421,0.08646596,1.0818054564027588,False,True
2026-03-05 01:00:00+00:00,GA5017,8.74235022068023,4.0634284,1.1514714560963517,False,True
2026-03-05 01:00:00+00:00,GA5062,2.093399286270142,0.47013906,3.452723630543012,False,True
2026-03-05 03:00:00+00:00,GA5062,1.178389668464661,0.43154803,1.7306107055845141,False,True
2026-03-05 04:00:00+00:00,GA5062,1.3440055847167969,0.43154803,2.114382395065202,False,True
2026-03-05 05:00:00+00:00,GA5062,2.049816370010377,0.39520162,4.186761006113827,False,True
2026-03-05 04:00:00+00:00,GM0042,42.193,19.239515,1.1930386151665595,False,True
2026-03-05 21:00:00+00:00,GM0351,0.0717,0.004232737,15.939394981304732,False,True
2026-03-05 03:00:00+00:00,GM0402,0.1078,0.029703384,2.629216086529261,False,True
2026-03-05 04:00:00+00:00,GM0402,0.1025,0.026161524,2.9179675396025773,False,True
2026-03-05 05:00:00+00:00,GM0402,0.6376,0.30362684,1.0999461370828851,False,True
2026-03-05 05:00:00+00:00,GM0476,1.1423,0.11335965,9.076777541346873,False,True
2026-03-05 22:00:00+00:00,GM0476,0.5002,0.06353675,6.872609371138346,False,True
2026-03-05 23:00:00+00:00,GM0476,0.0931,0.000471333,196.5248868522451,False,True
2026-03-05 00:00:00+00:00,GM0570,0.215,0.10686494,1.0118853455606638,False,True
2026-03-05 16:00:00+00:00,GM0570,9.9713,4.476611,1.2274215235530297,False,True
2026-03-05 22:00:00+00:00,GM0625,7.9146,3.7766612,1.0956606032966836,False,True
2026-03-05 00:00:00+00:00,GM0684,0.1904,0.07906263,1.4082172861471407,False,True
2026-03-05 22:00:00+00:00,GM0684,0.3162,0.0852315,2.709896081271529,False,True
2026-03-05 17:00:00+00:00,GM0920,6.7696000000000005,2.6366205,1.5675291323425318,False,True
2026-03-05 18:00:00+00:00,GM0920,11.6107,2.6366205,3.403629534520419,False,True
2026-03-05 19:00:00+00:00,GM0920,19.6785,2.6366205,6.463531380111455,False,True
2026-03-05 20:00:00+00:00,GM0920,23.8468,2.6366205,8.044456646352204,False,True
2026-03-05 21:00:00+00:00,GM0920,20.124,2.093749,8.611467064458164,False,True
2026-03-05 22:00:00+00:00,GM0920,22.0747,2.5784583,7.56120105625253,False,True
2026-03-05 23:00:00+00:00,GM0920,6.9183,2.6366205,1.6239270852465932,False,True
2026-03-05 03:00:00+00:00,GM1036,1.5862,0.6939751,1.28567281537271,False,True
2026-03-05 02:00:00+00:00,GM1037,6.684699999999999,3.1478927,1.1235475946282492,False,True
2026-03-05 19:00:00+00:00,GM1115,1.7803,0.84951335,1.0956704164590712,False,True
2026-03-05 04:00:00+00:00,GM5019,1.3733,0.67992914,1.0197693035996718,False,True
2026-03-05 02:00:00+00:00,GM5166,3.1777,1.4738368,1.1560732124451782,False,True
2026-03-05 03:00:00+00:00,GM5166,2.6269,1.2892339,1.0375666147320386,False,True
2026-03-05 00:00:00+00:00,GM5211,2.8952,1.4288532,1.0262404093278465,False,True
2026-03-05 17:00:00+00:00,HA0126,9.67122161388397,4.680146,1.0664357831469409,False,True
2026-03-05 17:00:00+00:00,HA0156,0.889120221138,0.4283372,1.0757483800264256,False,True
2026-03-05 01:00:00+00:00,HA0199,5.204888820648192,2.1451488,1.426353328948365,False,True
2026-03-05 00:00:00+00:00,HA0228,0.0008215904235839844,0.00036898482,1.2266238909525327,False,True
2026-03-05 01:00:00+00:00,HA5020,0.1991411447525027,0.07643928,1.6052201733689744,False,True
2026-03-05 04:00:00+00:00,JA0312,13.0336,6.178351,1.1095596798040526,False,True
2026-03-05 00:00:00+00:00,JA5030,14.287399999999998,6.1679745,1.3163844248630476,False,True
2026-03-05 07:00:00+00:00,KA0001,134.65739729118346,62.090412,1.1687309304340596,False,True
2026-03-05 17:00:00+00:00,KA0072,89.55279758586887,42.272682,1.1184555355036723,False,True
2026-03-05 00:00:00+00:00,KA0081,35.81169617176055,14.606875,1.4517013490555457,False,True
2026-03-05 05:00:00+00:00,KA0118,93.62636427345277,24.948856,2.752731706250871,False,True
2026-03-05 05:00:00+00:00,KA0124,9.28222358226776,4.2308507,1.1939378739615516,False,True
2026-03-05 00:00:00+00:00,KA0161,0.180202484130859,0.063456275,1.8397898451289525,False,True
2026-03-05 01:00:00+00:00,KA0161,0.249652743339539,0.03295667,6.5751808660795925,False,True
2026-03-05 05:00:00+00:00,KA0161,0.119450092315674,0.03586832,2.3302393385186613,False,True
2026-03-05 11:00:00+00:00,KA0162,3.6918615102767927,1.7997385,1.0513321553302795,False,True
2026-03-05 13:00:00+00:00,KA0162,4.526885986328129,1.8592384,1.4348066498841874,False,True
2026-03-05 03:00:00+00:00,KA0188,1.5222133398056037,0.4988759,2.0512866664990006,False,True
2026-03-05 12:00:00+00:00,KA0188,35.02414512634277,15.759165,1.2224620116744154,False,True
2026-03-05 13:00:00+00:00,KA0188,34.338676691055305,15.759165,1.1789655165527546,False,True
2026-03-05 15:00:00+00:00,KA0188,45.778763651847854,15.759165,1.9048978295013492,False,True
2026-03-05 16:00:00+00:00,KA0188,42.02258920669554,15.759165,1.666549256439548,False,True
2026-03-05 17:00:00+00:00,KA0188,38.91386055946353,15.759165,1.4692844467445745,False,True
2026-03-05 18:00:00+00:00,KA0188,44.2260165214539,15.759165,1.8063680438752192,False,True
2026-03-05 19:00:00+00:00,KA0188,51.38554239273068,15.759165,2.2606767561396923,False,True
2026-03-05 20:00:00+00:00,KA0188,52.88847815990443,15.759165,2.3560457547685303,False,True
2026-03-05 21:00:00+00:00,KA0188,57.32288026809688,15.759165,2.6374313587396085,False,True
2026-03-05 22:00:00+00:00,KA0188,55.17001593112952,15.759165,2.500821052108601,False,True
2026-03-05 23:00:00+00:00,KA0188,49.02377021312712,15.759165,2.110810173230564,False,True
2026-03-05 01:00:00+00:00,KA0201,0.0459333658218384,0.01960276,1.3432090300482178,False,True
2026-03-05 01:00:00+00:00,KA0211,1.327685832977295,0.45436394,1.9220756970846766,False,True
2026-03-05 08:00:00+00:00,KA0274,1.5575305223465,0.5156594,2.020463792326018,False,True
2026-03-05 09:00:00+00:00,KA0274,3.40239858627319,1.277906,1.6624796685625856,False,True
2026-03-05 19:00:00+00:00,KA0274,0.708652496337891,0.34903356,1.0303276497202831,False,True
2026-03-05 02:00:00+00:00,KA0277,0.0626275539398193,0.019637227,2.1892259407875945,False,True
2026-03-05 03:00:00+00:00,KA0277,0.0240638256072998,0.005997697,3.012177681352327,False,True
2026-03-05 05:00:00+00:00,KA0277,0.3755784034729,0.09286025,3.0445550893762316,False,True
2026-03-05 06:00:00+00:00,KA0277,0.368268728256226,0.09965023,2.695613558216495,False,True
2026-03-05 23:00:00+00:00,KA0455,0.418729066848755,0.20428765,1.0497033008906522,False,True
2026-03-05 04:00:00+00:00,KA0475,0.0084995031356811,0.0030943,1.7468258831112171,False,True
2026-03-05 15:00:00+00:00,KA0582,0.736602425575256,0.21512446,2.424075682365804,False,True
2026-03-05 17:00:00+00:00,KA0582,1.40597367286682,0.5458523,1.5757401110868188,False,True
2026-03-05 18:00:00+00:00,KA0582,1.57236516475678,0.5929157,1.6519202109078017,False,True
2026-03-05 21:00:00+00:00,KA0582,1.67975151538849,0.5443715,2.085671383388531,False,True
2026-03-05 22:00:00+00:00,KA0582,1.32007479667664,0.5443715,1.4249521353135803,False,True
2026-03-05 23:00:00+00:00,KA0582,0.891156196594238,0.15163794,4.8768681980100705,False,True
2026-03-05 04:00:00+00:00,KA0619,4.280832648277278,2.0885637,1.0496538783760978,False,True
2026-03-05 06:00:00+00:00,KA5042,2.19261574745178,0.7291871,2.0069317376574194,False,True
2026-03-05 02:00:00+00:00,KA5043,0.2993689775466919,0.14007498,1.1372051641478924,False,True
2026-03-05 08:00:00+00:00,KA5043,0.5571990013122562,0.2639084,1.1113349570697593,False,True
2026-03-05 14:00:00+00:00,KA5043,0.2734770774841307,0.09926107,1.7551293122698677,False,True
2026-03-05 01:00:00+00:00,KA5083,0.9436463117599484,0.46990383,1.0081690297345978,False,True
2026-03-05 04:00:00+00:00,KA5083,0.6121422052383423,0.25590873,1.392033327153357,False,True
2026-03-05 00:00:00+00:00,KA5168,3.337853193283081,1.602891,1.08239565837455,False,True
2026-03-05 02:00:00+00:00,KE0078,16.42817783355713,2.677568,5.135484919951269,False,True
2026-03-05 03:00:00+00:00,KE0078,11.285448312759396,1.8582608,5.073124187808215,False,True
2026-03-05 04:00:00+00:00,KE0079,8.456129748344416,4.1764884,1.0246984881714016,False,True
2026-03-05 01:00:00+00:00,KE0113,5.476109027862547,1.8705457,1.9275461681730761,False,True
2026-03-05 02:00:00+00:00,KE0113,4.7526782751083365,1.8705457,1.5407976725919337,False,True
2026-03-05 03:00:00+00:00,KE0113,4.294360041618345,2.0809743,1.0636295018960862,False,True
2026-03-05 01:00:00+00:00,KE0149,8.514520049095154,2.7047408,2.147998568469933,False,True
2026-03-05 00:00:00+00:00,KE0208,8.463270902633669,3.4379563,1.4617156480442153,False,True
2026-03-05 01:00:00+00:00,KE0208,4.45397186279297,2.2258213,1.0010465123876757,False,True
2026-03-05 12:00:00+00:00,KE0320,0.882466554641724,0.36291152,1.4316300260567016,False,True
2026-03-05 13:00:00+00:00,KE0320,1.593540430068969,0.430063,2.7053650180312268,False,True
2026-03-05 22:00:00+00:00,KE0320,1.309968590736389,0.647753,1.0223273226242078,False,True
2026-03-05 05:00:00+00:00,KE5018,1.7764766216278072,0.80028206,1.2198131233705267,False,True
2026-03-05 19:00:00+00:00,KE5042,3.82282376289368,1.172382,2.2607322291899905,False,True
2026-03-05 01:00:00+00:00,KE5046,0.1682512760162351,0.071771435,1.3442651660194262,False,True
2026-03-05 12:00:00+00:00,KI0115,1.5661999999999998,0.6756025,1.3182270788476722,False,True
2026-03-05 04:00:00+00:00,KI0116,0.884,0.37063724,1.3850814470476553,False,True
2026-03-05 22:00:00+00:00,KI0122,0.2794,0.026558893,9.520016857977977,False,True
2026-03-05 23:00:00+00:00,KI0122,0.2226,0.083586365,1.6631137750905356,False,True
2026-03-05 22:00:00+00:00,KL0136,8.648940920829777,0.23260844,36.18240409663291,False,True
2026-03-05 23:00:00+00:00,KL0136,5.11207890510559,0.13300388,37.435563486675996,False,True
2026-03-05 02:00:00+00:00,KL0141,0.121544599533081,0.0516932,1.3512685813381782,False,True
2026-03-05 21:00:00+00:00,KL0142,4.801072955131536,2.2946043,1.0923315414741175,False,True
2026-03-05 03:00:00+00:00,KL0144,0.0085775852203369,0.0032355129,1.651074355686661,False,True
2026-03-05 05:00:00+00:00,KL0144,0.0114295482635498,0.0020281768,4.635380652380971,False,True
2026-03-05 15:00:00+00:00,KL0144,0.0907925367355347,0.042542517,1.134159959089031,False,True
2026-03-05 02:00:00+00:00,KL0145,0.919875264167786,0.45225754,1.0339633396363626,False,True
2026-03-05 08:00:00+00:00,KL0158,0.161794066429138,0.045920875,2.523322817755241,False,True
2026-03-05 04:00:00+00:00,KL0159,0.535067200660706,0.24764216,1.1606466436215372,False,True
2026-03-05 21:00:00+00:00,KL0178,1.46393179893494,0.6987799,1.0949827531366108,False,True
2026-03-05 04:00:00+00:00,KL0186,5.50931024551392,2.1266563,1.5905973905594544,False,True
2026-03-05 02:00:00+00:00,KL0293,2.626928329467776,1.1979128,1.192921139703854,False,True
2026-03-05 02:00:00+00:00,KL5043,3.213771104812624,1.4474014,1.2203730734857774,False,True
2026-03-05 03:00:00+00:00,KU0243,15.6842,3.8490977,3.0747731300597625,False,True
2026-03-05 04:00:00+00:00,KU0243,15.9553,2.761556,4.777648731132053,False,True
2026-03-05 02:00:00+00:00,KU0388,33.191300000000005,13.205128,1.5135160154204146,False,True
2026-03-05 00:00:00+00:00,KU0408,18.5186,8.565562,1.1619830039559575,False,True
2026-03-05 00:00:00+00:00,KU0645,0.3826,0.14344092,1.6673002909052905,False,True
2026-03-05 21:00:00+00:00,KU0645,1.0901,0.4213735,1.587016114862294,False,True
2026-03-05 03:00:00+00:00,KU5002,6.3678,3.1485355,1.0224641012152509,False,True
2026-03-05 16:00:00+00:00,KU5007,15.626300000000002,7.334317,1.130573243323756,False,True
2026-03-05 04:00:00+00:00,KU5081,0.4967,0.18389714,1.700966455319157,False,True
2026-03-05 03:00:00+00:00,MA0022,3.8562,0.9602803,3.01570250193193,False,True
2026-03-05 04:00:00+00:00,MA0022,5.293699999999999,1.0428561,4.07615577461237,False,True
2026-03-05 02:00:00+00:00,MA5015,5.393000000000001,2.177898,1.4762409318421514,False,True
2026-03-05 01:00:00+00:00,MA5032,6.0231,3.0097444,1.0011998322848232,False,True
2026-03-05 05:00:00+00:00,MO0036,12.804730296134949,6.0122924,1.1297584142556907,False,True
2026-03-05 04:00:00+00:00,MO0072,3.385300993919373,1.642214,1.061425073909931,False,True
2026-03-05 00:00:00+00:00,MO0105,9.896199941635135,2.6990654,2.666528336010289,False,True
2026-03-05 05:00:00+00:00,MO0174,6.373986482620244,3.0998974,1.0561927353453875,False,True
2026-03-05 01:00:00+00:00,MR0147,2.312786579132079,0.97990155,1.3602234060542497,False,True
2026-03-05 02:00:00+00:00,MR0153,0.525418877601624,0.1866077,1.815633371825082,False,True
2026-03-05 05:00:00+00:00,MR0198,9.866948604583744,3.528788,1.7961295361537655,False,True
2026-03-05 00:00:00+00:00,MR0214,0.0018121004104614,0.0005002727,2.6222250663786832,False,True
2026-03-05 15:00:00+00:00,MR0214,0.5891253948211667,0.2718698,1.1669393825356085,False,True
2026-03-05 02:00:00+00:00,MT0029,4.771389842033388,2.3662746,1.0164142621443601,False,True
2026-03-05 04:00:00+00:00,MT0104,12.4019,3.5520973,2.491430239883328,False,True
2026-03-05 00:00:00+00:00,MT5000,2.173807859420777,0.865769,1.5108404059870049,False,True
2026-03-05 02:00:00+00:00,MT5045,4.1934000000000005,1.8697482,1.2427618446519308,False,True
2026-03-05 03:00:00+00:00,MT5045,5.978000000000001,2.3553448,1.5380573027802726,False,True
2026-03-05 04:00:00+00:00,MT5045,5.165000000000001,1.6595144,2.1123561900941716,False,True
2026-03-05 08:00:00+00:00,MU5015,0.0345,0.015550943,1.2185149670331805,False,True
2026-03-05 15:00:00+00:00,MU5015,0.2202,0.106281705,1.0718523435829048,False,True
2026-03-05 23:00:00+00:00,MU5015,0.0211,0.008891693,1.3730013226032727,False,True
2026-03-05 23:00:00+00:00,NU0015,167.88544121417996,66.65111,1.5188694799786948,False,True
2026-03-05 02:00:00+00:00,NU0029,3.479688525199892,0.6486835,4.364231690171454,False,True
2026-03-05 03:00:00+00:00,NU0029,4.33287453651429,0.7852029,4.518158967243311,False,True
2026-03-05 04:00:00+00:00,NU0029,5.34788203239441,0.60781705,7.798506061989054,False,True
2026-03-05 17:00:00+00:00,NU0038,6.647432446479797,2.1912816,2.0335820720949993,False,True
2026-03-05 23:00:00+00:00,NU0038,49.62757694721221,16.564108,1.9960911424936978,False,True
2026-03-05 01:00:00+00:00,NU0054,17.376232504844666,8.634371,1.0124491870479935,False,True
2026-03-05 00:00:00+00:00,NU0078,0.000352144241333008,0.00013261879,1.6553117827257045,False,True
2026-03-05 08:00:00+00:00,NU0078,0.0603386163711548,0.029337293,1.0567206839167085,False,True
2026-03-05 00:00:00+00:00,NU0128,20.55338084697724,9.517084,1.1596300488827678,False,True
2026-03-05 05:00:00+00:00,NU0128,18.802659273147587,5.2623634,2.5730446043014235,False,True
2026-03-05 11:00:00+00:00,NU0225,0.3105871677398686,0.114190035,1.7199148236886803,False,True
2026-03-05 12:00:00+00:00,NU0225,0.3050754070281984,0.15223406,1.0039891330042183,False,True
2026-03-05 01:00:00+00:00,NU0230,0.347688913345337,0.16273019,1.1365975138082598,False,True
2026-03-05 03:00:00+00:00,NU0230,0.561778903007507,0.1658682,2.3868995203223777,False,True
2026-03-05 04:00:00+00:00,NU0230,0.467548370361328,0.14998592,2.1172816539059354,False,True
2026-03-05 21:00:00+00:00,NU0230,0.393758535385132,0.19028124,1.0693502468918668,False,True
2026-03-05 15:00:00+00:00,NU5029,0.1558741331100464,0.076168686,1.0464332652397668,False,True
2026-03-05 16:00:00+00:00,NU5054,0.0601694583892822,0.0002609858,229.546861499716,False,True
2026-03-05 22:00:00+00:00,PO0201,47.5279,22.832806,1.0815619754663075,False,True
2026-03-05 15:00:00+00:00,PO5048,0.0002,6.738284e-05,1.968114734402567,False,True
2026-03-05 11:00:00+00:00,PO5049,0.0002,6.122628e-05,2.2665710931925798,False,True
2026-03-05 21:00:00+00:00,PO5049,0.7985,0.34232563,1.332574412038018,False,True
2026-03-05 08:00:00+00:00,PO5050,0.041,0.013102078,2.1292746370923634,False,True
2026-03-05 20:00:00+00:00,PO5050,0.0009,9.2113885e-05,8.770513932567017,False,True
2026-03-05 10:00:00+00:00,PO5051,0.003,5.7034835e-05,51.59943353836451,False,True
2026-03-05 11:00:00+00:00,PO5051,0.0024,5.7034835e-05,41.079546830691605,False,True
2026-03-05 13:00:00+00:00,PO5051,0.0006,5.7034835e-05,9.519886707672901,False,True
2026-03-05 04:00:00+00:00,PO5052,0.182,0.08385155,1.170502422482299,False,True
2026-03-05 08:00:00+00:00,PO5052,0.0091,0.0001891735,47.10398894465683,False,True
2026-03-05 10:00:00+00:00,PO5052,0.0009,0.0001891735,3.7575373681528723,False,True
2026-03-05 11:00:00+00:00,PO5052,0.0005,0.0001891735,1.6430763156404848,False,True
2026-03-05 13:00:00+00:00,PO5052,0.0011,5.528805e-05,18.89580087402746,False,True
2026-03-05 10:00:00+00:00,PO5053,0.0026,5.113949e-05,49.84133602186963,False,True
2026-03-05 16:00:00+00:00,PO5054,0.0029,0.00091323256,2.1755328394739415,False,True
2026-03-05 19:00:00+00:00,PO5054,0.01,0.0046686507,1.141946502097428,False,True
2026-03-05 20:00:00+00:00,PO5054,0.8435999999999999,0.3341722,1.52444705805551,False,True
2026-03-05 01:00:00+00:00,PU0072,47.19340000000001,20.642204,1.286257773112583,False,True
2026-03-05 01:00:00+00:00,PU0151,0.6461,0.3043765,1.1226999223062826,False,True
2026-03-05 03:00:00+00:00,PU0151,1.1548,0.37180135,2.1059597033341046,False,True
2026-03-05 04:00:00+00:00,PU0151,0.2751,0.10581801,1.5997464679873543,False,True
2026-03-05 05:00:00+00:00,PU0286,0.5795999999999999,0.22498874,1.576128879001087,False,True
2026-03-05 05:00:00+00:00,PU0289,1.2848,0.5605578,1.2920027868067527,False,True
2026-03-05 21:00:00+00:00,PU0289,4.6208,2.2397006,1.0631329433887748,False,True
2026-03-05 22:00:00+00:00,PU0289,4.3474,2.0013993,1.1721802572810673,False,True
2026-03-05 02:00:00+00:00,PU0341,2.9783,1.0971162,1.7146622330000245,False,True
2026-03-05 01:00:00+00:00,PU5017,2.6967,1.3341935,1.0212211080996416,False,True
2026-03-05 03:00:00+00:00,PU5030,0.6918,0.31441307,1.200290205832216,False,True
2026-03-05 00:00:00+00:00,PU5037,4.0327,1.8923767,1.1310239565247355,False,True
2026-03-05 04:00:00+00:00,PU5045,0.742,0.37033302,1.0036020773336325,False,True
2026-03-05 01:00:00+00:00,PU5071,13.0913,6.3695393,1.0552977953108171,False,True
2026-03-05 04:00:00+00:00,RA0022,40.21740984916688,16.356256,1.458839520282987,False,True
2026-03-05 05:00:00+00:00,RA0103,18.31174683570862,5.234826,2.498062118597304,False,True
2026-03-05 03:00:00+00:00,RA0110,16.173866868019115,7.723994,1.093977200448762,False,True
2026-03-05 05:00:00+00:00,RA0118,12.469693930053714,5.8985753,1.1140179252266478,False,True
2026-03-05 01:00:00+00:00,RA0178,12.12618434429169,4.0551248,1.9903357018456624,False,True
2026-03-05 05:00:00+00:00,RA0244,21.54102921485902,6.6628666,2.232997226660134,False,True
2026-03-05 01:00:00+00:00,RA0269,11.329758882522578,5.1295514,1.2087231368700877,False,True
2026-03-05 02:00:00+00:00,RA0269,11.822460412979126,4.1135707,1.87401416031909,False,True
2026-03-05 03:00:00+00:00,RA0269,16.652790546417194,3.788808,3.3952583700392043,False,True
2026-03-05 04:00:00+00:00,RA0269,10.134162664413454,4.80195,1.110426537366519,False,True
2026-03-05 04:00:00+00:00,RA0294,45.34420347213742,20.670132,1.1937065601117334,False,True
2026-03-05 01:00:00+00:00,RA5022,7.17748427391052,3.518281,1.0400543073876742,False,True
2026-03-05 02:00:00+00:00,RA5023,1.328500628471375,0.53834087,1.4677684920084584,False,True
2026-03-05 08:00:00+00:00,RA5062,4.946663975715638,2.3459885,1.108562744587308,False,True
2026-03-05 17:00:00+00:00,RA5062,6.936017155647273,2.9631298,1.340774019418796,False,True
2026-03-05 22:00:00+00:00,TM2808,0.3389,0.10937714,2.098453709941949,False,True
2026-03-05 23:00:00+00:00,TM2808,0.2295,0.10937714,1.0982446929232144,False,True
2026-03-05 01:00:00+00:00,TR0098,0.0354,0.0071665836,3.9395921668971936,False,True
2026-03-05 04:00:00+00:00,TR0098,0.0486,0.023712015,1.0495938642093883,False,True
2026-03-05 14:00:00+00:00,TR0098,0.106,0.051447354,1.0603586235021498,False,True
2026-03-05 03:00:00+00:00,TR5081,6.0414,2.265794,1.6663500285633746,False,True
2026-03-05 04:00:00+00:00,TR5081,5.1261,2.265794,1.2623856856719822,False,True
2026-03-05 03:00:00+00:00,VA0040,39.447,4.432002,7.900492237735921,False,True
2026-03-05 04:00:00+00:00,VA0040,44.4947,5.4677143,7.137714862154768,False,True
2026-03-05 10:00:00+00:00,VA0046,11.628,4.1133394,1.8269001900931314,False,True
2026-03-05 20:00:00+00:00,VA9001,2.5336,0.8108422,2.1246523059099838,False,True
