CellName,Date,ActualTraffic,PredictedTraffic,deviation,is_null_anomaly,is_deviation_anomaly
10th_Lane-CM1309-B_A,2026-03-21,8.5,19.14610384773086,0.5560454457157143,False,True
121_Residence_Ind-CM1899-K_A,2026-03-25,34.32,22.206308473425935,0.5455067662898765,False,True
121_Residence_Ind-CM1899-K_A,2026-04-01,40.59,23.67119437948084,0.7147423720699566,False,True
121_Residence_Ind-CM1899-K_A,2026-04-03,39.87,23.922778777945595,0.6666124102922417,False,True
121_Residence_Ind-CM1899-K_B,2026-03-25,11.62,24.687391388996872,0.5293143849463572,False,True
121_Residence_Ind-CM1899-K_B,2026-03-29,29.45,11.472749306108309,1.5669522809428305,False,True
121_Residence_Ind-CM1899-K_B,2026-03-30,26.63,16.308974230612115,0.6328433427784323,False,True
121_Residence_Ind-CM1899-K_B,2026-04-01,38.18,23.055581121904154,0.6559981636605446,False,True
121_Residence_Ind-CM1899-K_B,2026-04-02,35.72,21.670133646959854,0.6483516244954598,False,True
121_Residence_Ind-CM1899-K_B,2026-04-03,28.18,12.805586424662753,1.200602070493788,False,True
121_Residence_Ind-CM1899-K_B,2026-04-04,22.32,7.3230990566824214,2.0478899475806918,False,True
121_Residence_Ind-CM1899-K_B,2026-04-05,35.48,9.840939039005908,2.605346995786699,False,True
121_Residence_Ind-CM1899-K_B,2026-04-06,24.68,14.677163963516515,0.6815237644920945,False,True
121_Residence_Ind-CM1899-K_B,2026-04-07,23.09,14.34530895328562,0.6095854104774449,False,True
1st_Cross_St-CM0623-B_A,2026-03-21,2.46,5.127372643983353,0.5202221155338389,False,True
1st_Cross_St-CM0623-B_A,2026-03-22,0.52,1.4102293964392674,0.631265664073544,False,True
1st_Cross_St-CM0623-B_A,2026-04-01,1.84,5.918617099071224,0.6891165674007294,False,True
1st_Cross_St-CM0623-B_B,2026-03-21,0.93,4.787066500171212,0.8057265342006972,False,True
1st_Cross_St-CM0623-B_B,2026-03-22,0.42,0.03283082728922415,11.792854602779196,False,True
1st_Cross_St-CM0623-B_B,2026-03-23,6.21,3.775943048927902,0.64462226244731,False,True
1st_Cross_St-CM0623-B_B,2026-03-27,7.04,4.302098206038998,0.6364108076653662,False,True
1st_Cross_St-CM0623-B_B,2026-03-28,7.36,4.5571623961514565,0.6150400973675093,False,True
1st_Cross_St-CM0623-B_B,2026-03-30,8.13,3.5460389449046597,1.2926990160900749,False,True
1st_Cross_St-CM0623-B_B,2026-03-31,7.55,4.896419250239301,0.5419431249950688,False,True
1st_Cross_St-CM0623-B_B,2026-04-01,1.25,5.568670237849345,0.7755298937430424,False,True
1st_Cross_St-CM0623-B_B,2026-04-03,6.41,4.072194102009549,0.5740899965541401,False,True
1st_Cross_St-CM0623-B_B,2026-04-06,6.53,3.316134840869994,0.9691599748962086,False,True
1st_Cross_St-CM0623-B_B,2026-04-07,7.27,4.666515146212405,0.5579077260470745,False,True
1st_Cross_St-CM0623-B_C,2026-03-21,2.18,5.181773821929154,0.5792946440899663,False,True
1st_Cross_St-CM0623-B_C,2026-03-22,0.85,0.4970690983978572,0.7100238231258036,False,True
1st_Cross_St-CM0623-B_C,2026-03-29,2.76,0.18438260830323094,13.968873829254948,False,True
1st_Cross_St-CM0623-B_C,2026-03-30,7.38,4.756078198115841,0.551698624914041,False,True
1st_Cross_St-CM0623-B_C,2026-04-01,2.01,6.391277625161084,0.6855088891637154,False,True
1st_Cross_St-CM0623-B_C,2026-04-06,6.99,4.44339170801857,0.5731226187837112,False,True
1st_Cross_St-CM0623-H_A,2026-03-21,14.49,32.808374480421726,0.5583444705970771,False,True
1st_Cross_St-CM0623-H_A,2026-03-29,18.6,11.007991012409294,0.6896816121154392,False,True
1st_Cross_St-CM0623-H_A,2026-04-05,20.67,10.73445700360712,0.9255748095180055,False,True
1st_Cross_St-CM0623-H_B,2026-03-21,13.65,36.78552344991061,0.6289301138099431,False,True
1st_Cross_St-CM0623-H_B,2026-03-22,4.77,11.207931147756842,0.5744085204382552,False,True
1st_Cross_St-CM0623-H_B,2026-03-29,15.8,10.502104498714077,0.5044603681038043,False,True
1st_Cross_St-CM0623-H_B,2026-03-30,53.41,33.73197858536886,0.5833639839664319,False,True
1st_Cross_St-CM0623-H_B,2026-04-01,17.1,42.495863500292245,0.5976078942393439,False,True
1st_Cross_St-CM0623-H_C,2026-03-21,37.73,85.17605478114017,0.557035130390258,False,True
1st_Cross_St-CM0623-H_C,2026-04-01,40.33,88.538897756926,0.5444939905314649,False,True
1st_Cross_St-CM0623-H_C,2026-04-05,37.51,21.393694790733115,0.7533203295135265,False,True
1st_Cross_St-CM0623-O_A,2026-03-21,7.74,20.838401076515172,0.6285703508834485,False,True
1st_Cross_St-CM0623-O_A,2026-03-22,0.34,2.5334069143807887,0.8657933717359013,False,True
1st_Cross_St-CM0623-O_A,2026-03-29,5.05,2.2249614557682946,1.2697022399681075,False,True
1st_Cross_St-CM0623-O_A,2026-04-01,9.45,24.37510627906654,0.6123093827034631,False,True
1st_Cross_St-CM0623-O_A,2026-04-05,13.33,1.916515997161349,5.955329368366219,False,True
1st_Cross_St-CM0623-O_B,2026-03-21,8.31,28.561718802970073,0.7090511233821174,False,True
1st_Cross_St-CM0623-O_B,2026-03-22,0.09,3.6704138601681855,0.9754796043637771,False,True
1st_Cross_St-CM0623-O_B,2026-03-29,9.74,2.917419988962898,2.3385662800858626,False,True
1st_Cross_St-CM0623-O_B,2026-03-30,40.94,23.566009128256724,0.7372479055399781,False,True
1st_Cross_St-CM0623-O_B,2026-04-01,10.6,32.55749646320968,0.6744221407816748,False,True
1st_Cross_St-CM0623-O_B,2026-04-05,11.67,2.164426117771754,4.391729430808246,False,True
1st_Cross_St-CM0623-O_B,2026-04-06,36.46,22.813015257041037,0.5982104771856908,False,True
1st_Cross_St-CM0623-O_C,2026-03-21,13.07,32.25301106921646,0.5947665173973626,False,True
1st_Cross_St-CM0623-O_C,2026-04-01,14.99,34.32488810171639,0.5632906375228521,False,True
1st_Cross_St-CM0623-O_C,2026-04-05,15.46,8.661416172033078,0.7849275098821517,False,True
1st_Cross_St-CM0623-O_P,2026-03-21,6.86,30.227621524114053,0.7730552503270083,False,True
1st_Cross_St-CM0623-O_P,2026-03-22,0.1,1.237034982929095,0.9191615424139287,False,True
1st_Cross_St-CM0623-O_P,2026-03-29,4.07,0.7855969046305555,4.180773977099628,False,True
1st_Cross_St-CM0623-O_P,2026-04-01,15.73,32.56815608414841,0.5170128772609232,False,True
1st_Cross_St-CM0623-O_P,2026-04-05,20.13,0.3341588263489057,59.24081488418216,False,True
1st_Cross_St-CM0623-O_R,2026-03-21,13.49,34.04591089288957,0.6037703311143493,False,True
1st_Cross_St-CM0623-O_R,2026-03-29,17.0,8.382252924383076,1.0280943743118058,False,True
1st_Cross_St-CM0623-O_R,2026-04-01,7.66,34.72424782420101,0.7794048689324993,False,True
1st_Cross_St-CM0623-O_R,2026-04-05,13.62,7.328805008118931,0.8584202997503158,False,True
1st_Cross_St-CM0623-O_U,2026-03-21,2.39,14.935975097336291,0.8399836646469612,False,True
1st_Cross_St-CM0623-O_U,2026-03-25,27.0,17.18981145436778,0.5706978562082794,False,True
1st_Cross_St-CM0623-O_U,2026-04-01,4.06,16.669548878332492,0.7564421191219343,False,True
1st_Cross_St-CM0623-O_U,2026-04-06,22.36,13.492341181076654,0.6572364795637142,False,True
1st_Cross_St-CM0623-O_W,2026-03-21,12.12,31.087503364426873,0.610132732181099,False,True
1st_Cross_St-CM0623-O_W,2026-03-29,9.93,4.205164175320933,1.3613822400268485,False,True
1st_Cross_St-CM0623-O_W,2026-04-01,10.23,33.76968245683535,0.6970655553816338,False,True
1st_Cross_St-CM0623-O_W,2026-04-05,11.6,2.718883815248729,3.266456674221222,False,True
1st_Cross_St-CM0623-P_A,2026-03-21,7.67,29.45970681920479,0.7396443879407542,False,True
1st_Cross_St-CM0623-P_A,2026-03-22,0.72,3.383486343826231,0.7872017419802013,False,True
1st_Cross_St-CM0623-P_A,2026-03-29,9.27,3.0362825824846817,2.053075511968349,False,True
1st_Cross_St-CM0623-P_A,2026-04-01,15.2,32.80650147361109,0.5366772036870014,False,True
1st_Cross_St-CM0623-P_A,2026-04-05,16.4,2.6890788211539567,5.09874276313043,False,True
1st_Cross_St-CM0623-P_B,2026-03-21,10.95,26.650693000092858,0.5891288830664986,False,True
1st_Cross_St-CM0623-P_B,2026-03-29,15.92,9.887802958226363,0.610064446799582,False,True
1st_Cross_St-CM0623-P_B,2026-04-01,12.69,30.66240294439905,0.5861381111255006,False,True
1st_Cross_St-CM0623-P_C,2026-03-21,3.45,12.340307892664814,0.7204283693723145,False,True
1st_Cross_St-CM0623-P_C,2026-03-22,1.52,0.28260380694086606,4.37855457947902,False,True
1st_Cross_St-CM0623-P_C,2026-03-30,23.76,12.8092307263044,0.8549123290602961,False,True
1st_Cross_St-CM0623-P_C,2026-03-31,22.96,15.130662632574886,0.5174484130370663,False,True
1st_Cross_St-CM0623-P_C,2026-04-01,5.54,16.018899937216382,0.6541585238865854,False,True
1st_Cross_St-CM0623-P_C,2026-04-04,16.5,10.746303705999722,0.5354116588746656,False,True
1st_Cross_St-CM0623-P_C,2026-04-07,22.96,14.333660539238291,0.601823898169429,False,True
1st_Cross_St-CM0623-P_W,2026-03-21,19.57,43.348967139933414,0.548547490489757,False,True
1st_Cross_St-CM0623-P_W,2026-03-22,4.71,12.758030244527262,0.6308207529120397,False,True
1st_Cross_St-CM0623-P_W,2026-03-29,18.21,11.599921160669474,0.5698382556031988,False,True
1st_Cross_St-CM0623-P_W,2026-04-01,20.96,54.624187691622524,0.6162872001259152,False,True
1st_Cross_St-CM0623-P_W,2026-04-05,19.33,10.441812076824572,0.8512112512446581,False,True
1st_Cross_St_South-CM0677-B_A,2026-03-21,0.38,2.247262232163709,0.8309053591693533,False,True
1st_Cross_St_South-CM0677-B_A,2026-03-23,2.95,1.8598816936540419,0.5861223915830057,False,True
1st_Cross_St_South-CM0677-B_A,2026-03-30,3.49,1.8438878019007632,0.8927398925261883,False,True
1st_Cross_St_South-CM0677-B_A,2026-04-01,0.76,2.4628624959902194,0.6914159839465849,False,True
1st_Cross_St_South-CM0677-B_A,2026-04-05,0.21,0.5098534815373618,0.5881169637857787,False,True
1st_Cross_St_South-CM0677-B_B,2026-03-21,0.51,2.935037096758938,0.8262372899602614,False,True
1st_Cross_St_South-CM0677-B_B,2026-03-23,4.0,2.5783910469277425,0.5513550610432666,False,True
1st_Cross_St_South-CM0677-B_B,2026-03-30,4.54,2.221045839575414,1.0440820802095148,False,True
1st_Cross_St_South-CM0677-B_B,2026-03-31,4.25,2.7390398802058393,0.5516385981501707,False,True
1st_Cross_St_South-CM0677-B_B,2026-04-01,1.04,2.8624406989226845,0.6366736958458503,False,True
1st_Cross_St_South-CM0677-B_B,2026-04-03,5.04,2.1784877040597483,1.3135315341039768,False,True
1st_Cross_St_South-CM0677-B_B,2026-04-04,3.73,2.2203466820489295,0.6799178390277174,False,True
1st_Cross_St_South-CM0677-B_B,2026-04-06,4.48,1.86370063221369,1.4038195419178934,False,True
1st_Cross_St_South-CM0677-B_B,2026-04-08,4.99,2.505095491564801,0.9919400345425595,False,True
1st_Cross_St_South-CM0677-B_C,2026-03-21,1.65,3.394891767267601,0.5139756690010733,False,True
1st_Cross_St_South-CM0677-B_C,2026-03-29,1.33,0.44379606191397125,1.9968720187918594,False,True
1st_Cross_St_South-CM0677-B_C,2026-03-30,6.37,3.6291313752139858,0.7552409492545316,False,True
1st_Cross_St_South-CM0677-B_C,2026-04-01,1.32,3.955507957448463,0.6662881191998719,False,True
1st_Cross_St_South-CM0677-B_C,2026-04-05,1.04,0.28620660829956135,2.633738599464735,False,True
1st_Cross_St_South-CM0677-B_C,2026-04-07,6.09,3.381362254978285,0.8010492638089467,False,True
1st_Cross_St_South-CM0677-B_C,2026-04-08,5.91,3.7979185038286203,0.5561155390886415,False,True
1st_Cross_St_South-CM0677-H_A,2026-03-21,21.92,46.82948792715274,0.5319188620191955,False,True
1st_Cross_St_South-CM0677-O_A,2026-03-21,4.29,32.91943065673143,0.8696818288039628,False,True
1st_Cross_St_South-CM0677-O_A,2026-04-01,12.31,38.88231676036151,0.6834036388348802,False,True
1st_Cross_St_South-CM0677-O_A,2026-04-05,15.22,7.710689552172303,0.9738831264075635,False,True
1st_Cross_St_South-CM0677-O_P,2026-03-21,7.12,43.22319470880844,0.8352736291713991,False,True
1st_Cross_St_South-CM0677-O_P,2026-03-22,0.49,3.167730202736381,0.8453151093559914,False,True
1st_Cross_St_South-CM0677-O_P,2026-03-29,6.14,2.053858330277402,1.9894953850934345,False,True
1st_Cross_St_South-CM0677-O_P,2026-04-01,8.85,46.6325163669734,0.810218262073718,False,True
1st_Cross_St_South-CM0677-O_P,2026-04-05,18.15,0.9399864578364872,18.308788811463106,False,True
1st_Cross_St_South-CM0677-O_P,2026-04-06,59.16,35.04903319310831,0.687921024070719,False,True
1st_Cross_St_South-CM0677-O_U,2026-03-21,0.37,39.2867616153969,0.9905820692572689,False,True
1st_Cross_St_South-CM0677-O_U,2026-03-22,0.61,1.8876109683753373,0.6768401910034325,False,True
1st_Cross_St_South-CM0677-O_U,2026-03-29,15.64,1.1190639065865828,12.975966795056241,False,True
1st_Cross_St_South-CM0677-O_U,2026-03-30,50.21,31.934824071229844,0.5722648068455872,False,True
1st_Cross_St_South-CM0677-O_U,2026-04-01,9.83,42.966328190738075,0.7712161961719834,False,True
1st_Cross_St_South-CM0677-O_U,2026-04-05,17.83,0.3505168448093654,49.867740777756765,False,True
1st_Cross_St_South-CM0677-O_U,2026-04-06,49.21,31.166277009424586,0.5789502219055246,False,True
1st_Cross_St_South-CM0677-P_A,2026-03-21,0.23,15.47195595537242,0.9851343940828544,False,True
1st_Cross_St_South-CM0677-P_A,2026-04-01,0.87,18.147749703579162,0.9520601719656505,False,True
1st_Cross_St_South-CM0677-P_B,2026-03-21,17.83,47.38393670037279,0.6237121429410545,False,True
1st_Cross_St_South-CM0677-P_B,2026-04-01,23.48,48.44069125345626,0.5152835479339966,False,True
1st_Cross_St_South-CM0677-P_C,2026-03-21,8.55,23.783017973251944,0.6404997881422815,False,True
1st_Cross_St_South-CM0677-P_C,2026-03-30,34.55,20.299204153904164,0.7020371704254704,False,True
1st_Cross_St_South-CM0677-P_C,2026-04-01,4.21,27.910196203677373,0.8491590682746507,False,True
1st_Cross_St_South-CM0677-P_C,2026-04-04,32.64,21.532928646757988,0.5158179612002894,False,True
1st_Cross_St_South-CM0677-P_C,2026-04-06,39.39,19.1741594906146,1.0543273367096317,False,True
1st_Cross_St_South-CM0677-P_C,2026-04-08,44.64,26.785151540414176,0.6665950137577507,False,True
1st_Cross_St_South-CM0677-P_U,2026-03-21,1.68,42.96760196198652,0.9609007735296399,False,True
1st_Cross_St_South-CM0677-P_U,2026-03-29,12.17,2.041717140048485,4.9606689689204435,False,True
1st_Cross_St_South-CM0677-P_U,2026-04-01,16.7,45.2491650444369,0.6309324164633805,False,True
1st_Cross_St_South-CM0677-P_U,2026-04-05,20.82,1.467696937121723,13.185489846991008,False,True
1st_Cross_St_South-CM0677-P_U,2026-04-06,56.77,34.2291091718157,0.6585298704397632,False,True
2nd_Cross_St-CM0862-B_A,2026-03-21,0.83,3.2755378946775435,0.7466065035154452,False,True
2nd_Cross_St-CM0862-B_A,2026-03-27,4.52,2.9872932186330385,0.5130754396009092,False,True
2nd_Cross_St-CM0862-B_A,2026-03-28,4.65,2.7570487643688066,0.6865860553846832,False,True
2nd_Cross_St-CM0862-B_A,2026-03-30,5.06,2.6176692232890844,0.9330173403812047,False,True
2nd_Cross_St-CM0862-B_A,2026-03-31,4.99,2.890039760668981,0.7266198437508432,False,True
2nd_Cross_St-CM0862-B_A,2026-04-01,1.28,3.5774048376066614,0.6421987283786591,False,True
2nd_Cross_St-CM0862-B_A,2026-04-04,5.12,2.2385596340463843,1.287184992586135,False,True
2nd_Cross_St-CM0862-B_A,2026-04-06,5.31,2.0991800929688385,1.529559049166738,False,True
2nd_Cross_St-CM0862-B_A,2026-04-07,4.65,2.371550630353163,0.9607424528429902,False,True
2nd_Cross_St-CM0862-B_B,2026-03-21,0.61,5.9271984814722405,0.897084600438674,False,True
2nd_Cross_St-CM0862-B_B,2026-03-30,8.24,4.576878301862164,0.8003537469299644,False,True
2nd_Cross_St-CM0862-B_B,2026-04-01,2.18,5.654623161979219,0.61447475144622,False,True
2nd_Cross_St-CM0862-B_B,2026-04-03,9.05,4.798393141547035,0.8860480442171976,False,True
2nd_Cross_St-CM0862-B_B,2026-04-04,8.58,4.771685714985924,0.7981066885972203,False,True
2nd_Cross_St-CM0862-B_B,2026-04-06,7.89,3.9991219186090685,0.9729330989599373,False,True
2nd_Cross_St-CM0862-B_B,2026-04-07,7.51,4.733722218717691,0.5864893741133735,False,True
2nd_Cross_St-CM0862-H_A,2026-03-22,4.52,0.8082743412279925,4.592160692782686,False,True
2nd_Cross_St-CM0862-H_A,2026-03-28,17.02,11.070451298563736,0.5374260308798928,False,True
2nd_Cross_St-CM0862-H_A,2026-03-30,20.11,10.254926391821616,0.9610087124601773,False,True
2nd_Cross_St-CM0862-H_A,2026-03-31,18.62,11.050031798452178,0.6850630242175574,False,True
2nd_Cross_St-CM0862-H_A,2026-04-02,19.07,11.741931971375276,0.624093892426667,False,True
2nd_Cross_St-CM0862-H_A,2026-04-03,18.45,9.020369850705343,1.045370678294007,False,True
2nd_Cross_St-CM0862-H_A,2026-04-04,17.53,7.468602622701454,1.3471592860913597,False,True
2nd_Cross_St-CM0862-H_A,2026-04-06,18.84,6.653077715963878,1.8317721217646286,False,True
2nd_Cross_St-CM0862-H_A,2026-04-07,21.35,7.448183122611027,1.8664708759893605,False,True
2nd_Cross_St-CM0862-H_A,2026-04-08,13.85,7.688296165068213,0.8014394480440932,False,True
2nd_Cross_St-CM0862-H_B,2026-03-21,19.0,55.585285488046345,0.6581829195770531,False,True
2nd_Cross_St-CM0862-H_B,2026-04-05,40.55,23.980051518266674,0.6909888608500802,False,True
2nd_Cross_St-CM0862-P_A,2026-03-21,1.7,23.640649620636687,0.9280899625314858,False,True
2nd_Cross_St-CM0862-P_A,2026-03-22,0.3,2.0481278315508007,0.8535247676543479,False,True
2nd_Cross_St-CM0862-P_A,2026-03-28,30.51,19.568146894732326,0.5591665457199313,False,True
2nd_Cross_St-CM0862-P_A,2026-03-30,39.75,17.17211317214396,1.3147995591178114,False,True
2nd_Cross_St-CM0862-P_A,2026-03-31,33.96,20.99715561137937,0.6173619240882057,False,True
2nd_Cross_St-CM0862-P_A,2026-04-03,34.43,18.921687243113563,0.8196051735571623,False,True
2nd_Cross_St-CM0862-P_A,2026-04-04,40.37,15.49564416874798,1.6052482594701851,False,True
2nd_Cross_St-CM0862-P_A,2026-04-06,38.27,13.09961044616971,1.9214609210909817,False,True
2nd_Cross_St-CM0862-P_A,2026-04-07,36.01,16.924652885428177,1.1276654974120008,False,True
2nd_Cross_St-CM0862-P_A,2026-04-08,27.78,18.240819309017155,0.522957907174008,False,True
2nd_Cross_St-CM0862-P_B,2026-03-21,7.64,19.242302272514056,0.6029581132340348,False,True
2nd_Cross_St-CM0862-P_B,2026-03-25,28.7,18.639145380173805,0.5397701672807265,False,True
2nd_Cross_St-CM0862-P_B,2026-03-27,24.25,14.732050691575228,0.6460709040234142,False,True
2nd_Cross_St-CM0862-P_B,2026-03-30,23.25,12.665479267891794,0.8356983978443661,False,True
2nd_Cross_St-CM0862-P_B,2026-03-31,24.53,15.625215781257129,0.5698983197034887,False,True
2nd_Cross_St-CM0862-P_B,2026-04-01,7.51,15.28662847624485,0.5087209706397714,False,True
2nd_Cross_St-CM0862-P_B,2026-04-03,25.99,11.379533787616865,1.2839248500920266,False,True
2nd_Cross_St-CM0862-P_B,2026-04-04,27.16,12.537268464625189,1.166341103457576,False,True
2nd_Cross_St-CM0862-P_B,2026-04-06,26.25,9.312962363906202,1.8186520007571227,False,True
2nd_Cross_St-CM0862-P_B,2026-04-07,27.78,12.27269887730899,1.2635607927578572,False,True
2nd_Cross_St-CM0862-P_B,2026-04-08,19.53,11.934111572288685,0.6364854544639221,False,True
2nd_Cross_St-CM0862-P_V,2026-03-21,18.41,45.64714620628684,0.5966889163935413,False,True
2nd_Cross_St-CM0862-P_V,2026-03-22,8.27,4.776479073531096,0.7314008650908329,False,True
2nd_Cross_St-CM0862-P_V,2026-03-30,57.31,30.370310300046604,0.8870403177906305,False,True
2nd_Cross_St-CM0862-P_V,2026-04-03,56.09,34.15711812831074,0.642117458191253,False,True
2nd_Cross_St-CM0862-P_V,2026-04-04,56.24,34.90491777734707,0.6112342781824048,False,True
2nd_Cross_St-CM0862-P_V,2026-04-06,55.68,24.999196085514022,1.227271621436827,False,True
2nd_Cross_St-CM0862-P_V,2026-04-07,53.59,33.08998523224468,0.6195232371327563,False,True
2nd_Mile_Post_Lamp-AN5020-P_A,2026-04-06,72.8,47.88969859176707,0.5201599120633297,False,True
2nd_Mile_Post_Lamp-AN5020-P_A,2026-04-07,72.56,48.30683779745083,0.5020647864437323,False,True
2nd_Mile_Post_Lamp-AN5020-P_A,2026-04-08,81.3,47.345809804517714,0.7171530138711957,False,True
3rd_Cross_St-CM0669-B_A,2026-03-23,10.02,6.674578798002024,0.5012183245180052,False,True
3rd_Cross_St-CM0669-B_A,2026-03-29,3.06,0.48063513307711814,5.366575785688604,False,True
3rd_Cross_St-CM0669-B_A,2026-03-30,9.28,6.170574046880043,0.5039119423082103,False,True
3rd_Cross_St-CM0669-B_A,2026-04-01,3.33,8.233846999217635,0.5955717904016906,False,True
3rd_Cross_St-CM0669-B_A,2026-04-04,12.13,6.748473597584057,0.7974434995704099,False,True
3rd_Cross_St-CM0669-B_A,2026-04-06,9.88,5.666569295750012,0.7435593715248673,False,True
3rd_Cross_St-CM0669-B_A,2026-04-07,12.96,6.86985247571087,0.8865033922957629,False,True
3rd_Cross_St-CM0669-B_A,2026-04-08,12.13,7.729842248088671,0.5692428914703066,False,True
3rd_Cross_St-CM0669-B_B,2026-03-21,0.82,2.378398678492542,0.65523021543229,False,True
3rd_Cross_St-CM0669-B_B,2026-03-23,3.59,1.8306944372590541,0.9610044838367494,False,True
3rd_Cross_St-CM0669-B_B,2026-03-24,4.15,2.751252020949759,0.5084041623229341,False,True
3rd_Cross_St-CM0669-B_B,2026-03-27,5.52,2.506964863703512,1.2018657221407418,False,True
3rd_Cross_St-CM0669-B_B,2026-03-28,3.33,1.9671037016961908,0.6928441531214716,False,True
3rd_Cross_St-CM0669-B_B,2026-03-30,3.98,1.4193994604589415,1.804002756710311,False,True
3rd_Cross_St-CM0669-B_B,2026-03-31,4.73,2.3399570441476603,1.0214046287003204,False,True
3rd_Cross_St-CM0669-B_B,2026-04-01,0.9,2.551472744958736,0.6472625460027968,False,True
3rd_Cross_St-CM0669-B_B,2026-04-03,3.89,2.095669886900988,0.856208377242282,False,True
3rd_Cross_St-CM0669-B_B,2026-04-04,3.52,1.5558087248903116,1.2624889189049693,False,True
3rd_Cross_St-CM0669-B_B,2026-04-06,4.12,1.0081044836538777,3.0868779643425923,False,True
3rd_Cross_St-CM0669-B_B,2026-04-07,4.46,1.9286620673455608,1.3124839107445858,False,True
3rd_Cross_St-CM0669-B_B,2026-04-08,4.89,2.140177768155661,1.2848569276626263,False,True
3rd_Cross_St-CM0669-H_A,2026-03-21,41.57,102.89686994173546,0.5960032601230856,False,True
3rd_Cross_St-CM0669-H_A,2026-04-05,68.4,39.01418909056446,0.7532082966333518,False,True
3rd_Cross_St-CM0669-H_B,2026-03-21,22.83,50.290537877974415,0.5460378639139833,False,True
3rd_Cross_St-CM0669-H_B,2026-04-05,27.24,17.478819885346923,0.5584576177729367,False,True
3rd_Cross_St-CM0669-P_A,2026-03-21,10.54,51.84702738374873,0.7967096566214378,False,True
3rd_Cross_St-CM0669-P_A,2026-03-29,21.49,5.452662350507579,2.9411939743526454,False,True
3rd_Cross_St-CM0669-P_A,2026-04-05,34.43,3.6239187236999317,8.500764952269078,False,True
3rd_Cross_St-CM0669-P_B,2026-03-21,3.61,29.412084847187682,0.8772613359863478,False,True
3rd_Cross_St-CM0669-P_B,2026-03-30,42.27,25.342195076035104,0.6679691665688704,False,True
3rd_Cross_St-CM0669-P_B,2026-04-01,9.74,30.620509032614976,0.6819125381088346,False,True
3rd_Cross_St-CM0669-P_B,2026-04-06,42.41,23.968257493951185,0.7694235807798256,False,True
3rd_Cross_St-CM0669-P_B,2026-04-08,45.03,29.246571450561554,0.5396676521936521,False,True
3rd_Cross_St-CM0669-P_U,2026-03-21,13.65,64.29085139654876,0.7876836329976997,False,True
3rd_Cross_St-CM0669-P_U,2026-03-29,27.8,6.038680254926186,3.603654909087385,False,True
3rd_Cross_St-CM0669-P_U,2026-04-05,43.09,4.214003751236321,9.225429910298036,False,True
42nd_Lane_Lamp-CM5006-H_C,2026-03-28,93.3,61.11170517075576,0.5267124315923611,False,True
42nd_Lane_Lamp-CM5006-P_C,2026-04-05,71.71,47.42908817487471,0.5119413583411027,False,True
447_Luna_Tower_Ind-CM1984-K_C,2026-04-01,121.95,76.20543313277818,0.600279599323552,False,True
447_Luna_Tower_Ind-CM1984-K_C,2026-04-02,118.71,77.98628330517974,0.5221907618735748,False,True
4th_Cross_St-CM0667-B_A,2026-03-22,3.75,1.760620923331977,1.129930384391389,False,True
4th_Cross_St-CM0667-B_A,2026-03-24,5.82,3.333648374020047,0.7458349972830702,False,True
4th_Cross_St-CM0667-B_A,2026-03-25,9.42,3.7106777649635108,1.5386197877229666,False,True
4th_Cross_St-CM0667-B_A,2026-03-28,5.13,3.004022265357654,0.7077103785677935,False,True
4th_Cross_St-CM0667-B_A,2026-03-29,2.99,1.6310150829384678,0.8332141935886695,False,True
4th_Cross_St-CM0667-B_A,2026-04-03,5.98,3.741325480025622,0.59836401081016,False,True
4th_Cross_St-CM0667-B_A,2026-04-04,7.19,2.874416424960299,1.5013773013418914,False,True
4th_Cross_St-CM0667-B_A,2026-04-05,3.06,1.5014092425432082,1.0380852290590172,False,True
4th_Cross_St-CM0667-B_A,2026-04-07,5.51,3.0744366932315885,0.7921982300466082,False,True
4th_Cross_St-CM0667-B_B,2026-03-24,4.23,2.460945635919619,0.7188514602921378,False,True
4th_Cross_St-CM0667-B_B,2026-03-27,4.96,3.2257344178108673,0.537634336110685,False,True
4th_Cross_St-CM0667-B_B,2026-03-30,4.31,2.665900576002292,0.6167144561944438,False,True
4th_Cross_St-CM0667-B_B,2026-03-31,4.89,2.3126234693676557,1.1144816978516092,False,True
4th_Cross_St-CM0667-B_B,2026-04-07,3.63,2.164301302815692,0.6772156424234819,False,True
5th_Gajaba_Lamp-AN5068-H_A,2026-03-29,96.03,55.873841697035935,0.7186933470711093,False,True
5th_Gajaba_Lamp-AN5068-H_B,2026-03-31,49.85,31.030642781216088,0.6064765513067591,False,True
606_The_Address_Carpark_Ind-CM2052-K_A,2026-03-21,7.17,14.487614827946945,0.5050945179624113,False,True
606_The_Address_Carpark_Ind-CM2052-K_A,2026-04-04,8.32,18.232976037111747,0.5436839283359275,False,True
606_The_Address_Ind-CM2052-K_A,2026-04-05,48.91,106.40452700046558,0.5403391060627901,False,True
606_The_Address_Ind-CM2052-K_B,2026-03-26,148.15,91.1138842286468,0.6259870957561557,False,True
606_The_Address_Ind-CM2052-K_B,2026-03-27,140.75,93.1423077775366,0.5111285446799406,False,True
606_The_Address_Ind-CM2052-K_B,2026-04-01,148.77,96.95189879634366,0.5344722676603273,False,True
606_The_Address_Ind-CM2052-K_B,2026-04-04,178.82,90.49446499789624,0.9760324568376318,False,True
606_The_Address_Ind-CM2052-Q_C,2026-03-26,120.29,79.3122441679655,0.5166636786276383,False,True
606_The_Address_Ind-CM2052-Q_C,2026-04-01,130.88,80.61630418031261,0.6234929314951445,False,True
606_The_Address_Ind-CM2052-Q_E,2026-03-23,25.51,12.93845944926725,0.9716412220501818,False,True
606_The_Address_Ind-CM2052-Q_E,2026-03-30,28.0,12.26463689286415,1.2829864629984316,False,True
606_The_Address_Ind-CM2052-Q_E,2026-04-05,19.41,10.627269414426475,0.8264334179437479,False,True
606_The_Address_Ind-CM2052-Q_E,2026-04-07,18.65,11.994248689075093,0.5549118984824174,False,True
7th_Sense_Ind-CM1274-K_A,2026-04-05,6.78,14.013753363311274,0.516189572898408,False,True
AASL-GM0001-B_C,2026-03-29,22.27,12.448953051847255,0.7889054531132187,False,True
AASL-GM0001-B_C,2026-03-30,30.07,13.05402671210748,1.3035037895326487,False,True
AASL-GM0001-B_C,2026-03-31,34.6,13.198996352339183,1.621411437383119,False,True
AASL-GM0001-B_C,2026-04-01,33.42,13.597361953764217,1.4578296962042845,False,True
AASL-GM0001-B_C,2026-04-02,36.98,14.100753631089448,1.6225548624909107,False,True
AASL-GM0001-B_C,2026-04-03,39.79,13.43885920951542,1.9608167910432892,False,True
AASL-GM0001-B_C,2026-04-04,35.65,12.84108749789306,1.77624461369408,False,True
AASL-GM0001-B_C,2026-04-05,27.3,13.257601318533897,1.0591960298153689,False,True
AASL-GM0001-B_C,2026-04-06,34.69,13.862674978793141,1.5024030393173111,False,True
AASL-GM0001-B_C,2026-04-07,36.37,14.007644619025111,1.5964393721555763,False,True
AASL-GM0001-B_C,2026-04-08,31.83,14.406010220448199,1.2094944757723285,False,True
AASL-GM0001-H_1A,2026-04-05,118.1,77.4805560899139,0.5242533863973359,False,True
AASL-GM0001-H_1B,2026-03-28,59.04,38.68488335848583,0.5261775369176374,False,True
AASL-GM0001-H_1B,2026-03-29,38.54,21.91333453326423,0.7587464811207373,False,True
AASL-GM0001-H_3B,2026-04-04,110.27,67.93113768788498,0.6232614932292799,False,True
AASL-GM0001-H_3B,2026-04-05,101.61,65.86670646313561,0.5426610112480613,False,True
AASL-GM0001-O_A,2026-04-06,127.36,84.66702697764568,0.5042455669740995,False,True
AASL-GM0001-O_A,2026-04-07,148.81,90.30963567912787,0.6477754436827231,False,True
AASL-GM0001-P_3B,2026-03-28,80.17,52.99778093140674,0.5127048452040164,False,True
AASL-GM0001-P_3B,2026-03-29,76.62,50.32544540083572,0.5224902509998974,False,True
AASL-GM0001-P_3B,2026-04-04,78.59,48.61721705457657,0.6165055254350876,False,True
AASL-GM0001-P_3B,2026-04-05,78.15,45.94488152401768,0.7009511703528303,False,True
AASL-GM0001-P_3B,2026-04-06,83.71,54.49961535108935,0.5359741433170826,False,True
AGBO-JA0132-B_A,2026-03-30,2.0,4.169724319906303,0.5203519833548752,False,True
AGBO-JA0132-B_A,2026-04-07,5.47,3.1564208031136154,0.7329755255079362,False,True
AIA_HO_Ind-CM1886-K_A,2026-04-01,17.72,73.57660728122632,0.7591625836691521,False,True
AIA_HO_Ind-CM1886-K_A,2026-04-06,92.48,60.74459146098053,0.5224400687492451,False,True
AIA_HO_Ind-CM1886-K_A,2026-04-08,34.34,72.96477651090966,0.5293619518609023,False,True
AMP_Thirukkovil_05-AM0281-C_A,2026-03-21,5.54,3.480059158359497,0.5919269609806177,False,True
AMP_Thirukkovil_05-AM0281-C_A,2026-04-02,3.51,2.333050007659526,0.5044683947950044,False,True
AMP_Thirukkovil_05-AM0281-C_A,2026-04-04,4.68,2.850467564189653,0.6418359074822367,False,True
AMP_Thirukkovil_05-AM0281-C_A,2026-04-05,4.73,2.076879885059615,1.277454769544475,False,True
AMP_Thirukkovil_05-AM0281-C_A,2026-04-08,3.18,1.669553218355969,0.9047011889392709,False,True
AMP_Thirukkovil_05-AM0281-C_B,2026-03-24,4.79,3.132057504086422,0.5293461227165996,False,True
AMP_Thirukkovil_05-AM0281-C_B,2026-03-27,5.89,3.2445099765964134,0.8153742914912481,False,True
AMP_Thirukkovil_05-AM0281-C_B,2026-03-31,3.59,2.338567544751145,0.5351277785658418,False,True
AMP_Thirukkovil_05-AM0281-C_B,2026-04-01,5.23,2.8362251232291564,0.8440003077207902,False,True
AMP_Thirukkovil_05-AM0281-C_B,2026-04-03,4.15,2.4510200172577017,0.693172626408488,False,True
AMP_Thirukkovil_05-AM0281-C_B,2026-04-06,5.31,2.017278017526574,1.6322598837966318,False,True
AMP_Thirukkovil_05-AM0281-C_B,2026-04-07,3.69,1.545077585415866,1.388229584604851,False,True
AMP_Thirukkovil_05-AM0281-C_B,2026-04-08,6.4,2.0427351638917735,2.13305420748075,False,True
AMP_Thirukkovil_05-AM0281-C_C,2026-03-25,1.2,2.523884855991068,0.5245424936278287,False,True
AMP_Thirukkovil_05-AM0281-C_C,2026-03-26,6.53,2.343834297342997,1.7860331284521687,False,True
AMP_Thirukkovil_05-AM0281-C_C,2026-03-30,1.24,3.3574795842293272,0.6306753417579967,False,True
AMP_Thirukkovil_05-AM0281-C_C,2026-04-03,4.13,2.1538511839593233,0.9174955218623857,False,True
AMP_Thirukkovil_05-AM0281-C_C,2026-04-04,4.13,2.545346547006564,0.6225688422887076,False,True
AMW_Pavilion-TM0398-K_A,2026-03-28,2.43,6.229548661022821,0.6099235864061744,False,True
AMW_Pavilion-TM0398-K_A,2026-03-29,0.12,2.3802826779494777,0.9495858197382777,False,True
AMW_Pavilion-TM0398-K_B,2026-03-28,1.69,8.158555169480502,0.7928554793228652,False,True
AMW_Pavilion-TM0398-K_B,2026-03-29,0.2,3.619201368547758,0.9447391897731703,False,True
AMW_Pavilion-TM0398-K_C,2026-03-28,6.23,18.161347509775624,0.6569637799922826,False,True
AMW_Pavilion-TM0398-K_C,2026-03-29,0.01,8.766833662194813,0.9988593373177453,False,True
AMW_Pavilion-TM0398-K_D,2026-03-28,2.35,5.780930044599113,0.5934910158278928,False,True
AMW_Pavilion-TM0398-K_D,2026-03-29,0.04,2.7408462265758424,0.9854059671016377,False,True
AMW_Pavilion-TM0398-Q_A,2026-03-29,0.44,2.519137960032154,0.8253370768171887,False,True
AMW_Pavilion-TM0398-Q_B,2026-03-28,2.13,4.814971740466972,0.5576298024558239,False,True
AMW_Pavilion-TM0398-Q_B,2026-03-29,0.06,2.6250206649472427,0.9771430370811173,False,True
AMW_Pavilion-TM0398-Q_C,2026-03-29,0.02,3.958163909076918,0.9949471521494763,False,True
AMW_Pavilion-TM0398-Q_D,2026-03-28,1.26,5.583688729165455,0.7743427219682568,False,True
AMW_Pavilion-TM0398-Q_D,2026-03-29,0.04,2.8088648441415405,0.9857593717677701,False,True
AMW_Pavilion-TM0398-Q_U,2026-03-28,2.42,6.192640715937872,0.6092135631618841,False,True
AMW_Pavilion-TM0398-Q_U,2026-03-29,0.09,3.228788489760346,0.9721257678273376,False,True
AMW_Pavilion-TM0398-Q_V,2026-03-28,1.54,4.47199916152175,0.6556349980450438,False,True
AMW_Pavilion-TM0398-Q_V,2026-03-29,0.02,2.787108377118535,0.9928241039479502,False,True
AMW_Pavilion-TM0398-Q_W,2026-03-29,0.01,2.8207597240926505,0.9964548557913006,False,True
AMW_Pavilion-TM0398-Q_X,2026-03-28,1.16,3.711767541480229,0.6874804289232512,False,True
AMW_Pavilion-TM0398-Q_X,2026-03-29,0.0,1.7082783998419322,1.0,False,True
ANU_Tambuttegama_01-AN0448-P_U,2026-04-05,74.4,47.30054584682942,0.5729205375541575,False,True
ANU_Tambuttegama_01-AN0448-P_U,2026-04-06,86.8,50.36372592963501,0.7234626389888514,False,True
ANU_Tambuttegama_01-AN0448-P_U,2026-04-07,86.83,50.969295703677254,0.7035746482511337,False,True
ANU_Tambuttegama_01-AN0448-P_U,2026-04-08,87.75,57.521853462218466,0.5255071719418082,False,True
ANU_Tambuttegama_01-AN0448-P_V,2026-03-29,49.89,30.926385006771824,0.6131856338552273,False,True
ANU_Tambuttegama_01-AN0448-P_V,2026-03-30,51.51,32.732541996513284,0.5736632983007222,False,True
ANU_Tambuttegama_01-AN0448-P_V,2026-03-31,50.78,27.465458536632262,0.848867730799826,False,True
ANU_Tambuttegama_01-AN0448-P_V,2026-04-02,54.09,33.579080982926136,0.6108243113473831,False,True
ANU_Tambuttegama_01-AN0448-P_V,2026-04-03,51.98,29.711822458471943,0.7494719508590282,False,True
ANU_Tambuttegama_01-AN0448-P_V,2026-04-04,52.76,26.379044651222962,1.0000724324015269,False,True
ANU_Tambuttegama_01-AN0448-P_V,2026-04-05,53.73,23.380057409563044,1.2981124066026908,False,True
ANU_Tambuttegama_01-AN0448-P_V,2026-04-06,48.43,25.186214399310877,0.9228773023279393,False,True
ANU_Tambuttegama_01-AN0448-P_V,2026-04-07,50.73,19.919130939432044,1.5467978575096644,False,True
ANU_Tambuttegama_01-AN0448-P_V,2026-04-08,55.43,25.27673920269787,1.1929252644298272,False,True
ATG_Wathupitiwala_EBTS-GM0796-K_A,2026-03-22,1.05,0.4897360398504118,1.1440121097085665,False,True
ATG_Wathupitiwala_EBTS-GM0796-K_A,2026-03-24,1.04,0.577794574402429,0.7999476735751571,False,True
ATG_Wathupitiwala_EBTS-GM0796-K_A,2026-03-28,0.08,0.2821791042332096,0.7164921186584983,False,True
ATG_Wathupitiwala_EBTS-GM0796-K_A,2026-03-30,0.85,0.5603826975491709,0.5168205651556836,False,True
ATG_Wathupitiwala_EBTS-GM0796-K_A,2026-04-01,0.36,1.0413459899903137,0.6542935744119506,False,True
ATG_Wathupitiwala_EBTS-GM0796-K_A,2026-04-02,0.26,0.9346885957846763,0.7218324892669429,False,True
ATG_Wathupitiwala_EBTS-GM0796-K_A,2026-04-05,0.18,0.484691095914707,0.6286294476685099,False,True
ATG_Wathupitiwala_EBTS-GM0796-K_A,2026-04-08,2.87,1.0388235180216137,1.762740687143634,False,True
ATG_Wathupitiwala_EBTS-GM0796-K_B,2026-03-21,0.02,0.10527526429725231,0.8100218495436063,False,True
ATG_Wathupitiwala_EBTS-GM0796-K_B,2026-03-22,0.02,0.12615537463448687,0.8414653354409473,False,True
ATG_Wathupitiwala_EBTS-GM0796-K_B,2026-03-30,0.62,0.40125716242779275,0.5451437583038049,False,True
ATG_Wathupitiwala_EBTS-GM0796-K_B,2026-04-01,0.81,0.45625859590211776,0.7753090183396156,False,True
ATG_Wathupitiwala_EBTS-GM0796-K_B,2026-04-04,0.02,0.16212762116685342,0.8766403907239407,False,True
ATG_Wathupitiwala_EBTS-GM0796-K_B,2026-04-05,0.02,0.18300773150331953,0.8907149996576117,False,True
ATG_Wathupitiwala_EBTS-GM0796-K_B,2026-04-08,1.13,0.48468477433640883,1.3314122081658215,False,True
Abans_Ind-CM0025-K_A,2026-03-29,10.14,4.446534898533381,1.2804273960257275,False,True
Abans_Ind-CM0025-K_A,2026-04-01,10.68,44.1682730036136,0.7581974735773296,False,True
Abans_Ind-CM0025-K_A,2026-04-06,64.03,37.20596435553964,0.7209606338416678,False,True
Abayapura-TR0097-H_C,2026-04-03,97.55,61.94338704058172,0.5748250888523563,False,True
Abayapura-TR0097-H_C,2026-04-06,83.81,54.47686048373591,0.5384513581692453,False,True
Abayapura-TR0097-H_C,2026-04-07,90.04,52.32729590240361,0.7207080634920424,False,True
Abayapura-TR0097-H_C,2026-04-08,94.33,53.984638849926135,0.747348912757042,False,True
Abayapura-TR0097-P_1A,2026-03-21,6.24,14.50690784899438,0.5698600925191265,False,True
Abayapura-TR0097-P_1A,2026-03-22,6.27,13.975698166517486,0.5513640946381156,False,True
Abayapura-TR0097-P_1A,2026-03-31,6.44,13.856297210367593,0.5352293688402232,False,True
Abayapura-TR0097-P_V,2026-04-03,117.41,75.50843029682348,0.5549257154262317,False,True
Abayapura-TR0097-P_V,2026-04-04,112.82,74.72798950350467,0.5097422097072322,False,True
Abayapura-TR0097-P_V,2026-04-05,115.17,69.45422133736574,0.6582145445209907,False,True
Abayapura-TR0097-P_V,2026-04-06,112.04,61.65483920252681,0.8172134004269409,False,True
Abayapura-TR0097-P_V,2026-04-07,118.28,62.512042341905364,0.892115431984698,False,True
Abayapura-TR0097-P_V,2026-04-08,110.04,64.986971542236,0.6932624707474384,False,True
Abayapura_Jn-TR0144-C_A,2026-04-02,3.18,2.0816036449009543,0.5276683473290656,False,True
Abayapura_Jn-TR0144-C_A,2026-04-06,2.79,1.783641559432181,0.5642156268707886,False,True
Abayapura_Jn-TR0144-O_B,2026-04-03,81.59,51.572128488577974,0.5820560909769371,False,True
Abayapura_Jn-TR0144-O_B,2026-04-05,86.15,47.46529089830171,0.8150104712216653,False,True
Abayapura_Jn-TR0144-O_B,2026-04-06,90.61,50.786976856345596,0.7841187959719776,False,True
Abayapura_Jn-TR0144-O_B,2026-04-07,78.44,48.545482717258025,0.6158043057652902,False,True
Abayapura_Jn-TR0144-O_B,2026-04-08,80.98,49.71095430337593,0.6290172082755724,False,True
Abayapura_Jn-TR0144-O_P,2026-03-25,110.58,72.97400321697035,0.5153341618277049,False,True
Abayapura_Jn-TR0144-O_P,2026-04-01,126.24,65.83279307742218,0.9175853567618855,False,True
Abayapura_Jn-TR0144-O_P,2026-04-08,110.71,58.691582937856836,0.8863011433380612,False,True
Abayapura_Jn-TR0144-O_U,2026-03-28,55.68,35.996805934050684,0.5468039053801235,False,True
Abayapura_Jn-TR0144-O_U,2026-03-30,47.88,29.201391640424973,0.6396478835521414,False,True
Abayapura_Jn-TR0144-O_U,2026-03-31,55.42,25.617337357616066,1.1633786223111735,False,True
Abayapura_Jn-TR0144-O_U,2026-04-01,53.14,27.52995505615104,0.9302610517021854,False,True
Abayapura_Jn-TR0144-O_U,2026-04-02,53.62,22.132774084472928,1.422651575231895,False,True
Abayapura_Jn-TR0144-O_U,2026-04-03,52.22,23.472653696108367,1.2247165010003866,False,True
Abayapura_Jn-TR0144-O_U,2026-04-04,53.17,25.012874047228877,1.125705342760905,False,True
Abayapura_Jn-TR0144-O_U,2026-04-05,61.23,26.060146343114198,1.3495647028927231,False,True
Abayapura_Jn-TR0144-O_U,2026-04-06,53.18,18.21745975361219,1.9191775757569811,False,True
Abayapura_Jn-TR0144-O_U,2026-04-07,54.59,14.63340547079413,2.7305055278453576,False,True
Abayapura_Jn-TR0144-O_U,2026-04-08,54.06,16.546023169329644,2.2672503505378705,False,True
Access-CM0123-B_A,2026-03-22,1.44,0.4914416693214597,1.9301544616438973,False,True
Access-CM0123-B_A,2026-03-28,2.55,0.7398032014028846,2.4468626185510542,False,True
Access-CM0123-B_A,2026-03-29,1.04,0.3208897355180892,2.240988678933213,False,True
Access-CM0123-B_A,2026-04-01,1.26,6.249208514602032,0.7983744666135147,False,True
Access-CM0123-B_A,2026-04-03,9.0,5.83422053325534,0.5426225232144661,False,True
Access-CM0123-B_A,2026-04-04,3.47,0.569251267591971,5.095726434969019,False,True
Access-CM0123-B_A,2026-04-05,1.41,0.1503378017121335,8.378878658209096,False,True
Access-CM0123-B_B,2026-03-22,1.97,0.9137002733299839,1.1560680865513238,False,True
Access-CM0123-B_B,2026-03-28,4.79,1.507695354852498,2.177034395299718,False,True
Access-CM0123-B_B,2026-03-29,3.03,0.6477536958964394,3.6777039161570846,False,True
Access-CM0123-B_B,2026-04-01,3.1,6.554814892517196,0.5270652107142066,False,True
Access-CM0123-B_B,2026-04-04,3.37,1.241748777409202,1.713914490039768,False,True
Access-CM0123-B_B,2026-04-05,2.54,0.3818071184580163,5.652573713811729,False,True
Access-CM0123-B_B,2026-04-07,9.82,5.900406032233535,0.6642922446953612,False,True
Access-CM0123-H_A,2026-03-29,22.1,10.118194733581372,1.1841840942882926,False,True
Access-CM0123-H_A,2026-04-01,22.41,48.63811465459026,0.5392502328853112,False,True
Access-CM0123-H_A,2026-04-04,40.09,19.472061263373078,1.0588472610965558,False,True
Access-CM0123-H_A,2026-04-05,15.54,9.081090912173483,0.711248147418957,False,True
Access-CM0123-H_B,2026-03-28,91.0,57.28061117190877,0.5886701998848033,False,True
Access_Ind-CM0123-K_A,2026-03-21,8.56,19.810982276502983,0.5679164273367365,False,True
Access_Ind-CM0123-K_A,2026-03-23,67.13,39.59093869782496,0.6955900063993171,False,True
Access_Ind-CM0123-K_A,2026-03-29,15.51,5.664886909380831,1.7379187348499485,False,True
Access_Ind-CM0123-K_A,2026-03-30,63.0,39.98602452821022,0.5755504765309533,False,True
Access_Ind-CM0123-K_A,2026-04-01,5.28,52.861892067316425,0.9001170825804676,False,True
Access_Ind-CM0123-K_A,2026-04-06,60.95,40.38111035856652,0.5093690950741766,False,True
Access_Ind-CM0123-K_B,2026-03-28,12.99,8.335549414640868,0.5583855789018397,False,True
Access_Ind-CM0123-K_B,2026-04-01,3.66,32.75731839218027,0.8882692424275577,False,True
Access_Ind-CM0123-K_B,2026-04-05,5.27,2.5030014266160254,1.105472231841619,False,True
Access_Towers_2_Ind-CM1417-K_B,2026-04-01,83.88,203.8161122434144,0.5884525561952462,False,True
Access_Towers_2_Ind-CM1417-K_C,2026-03-28,59.8,32.587477989652186,0.8350606947548646,False,True
Access_Towers_2_Ind-CM1417-K_C,2026-04-01,50.11,131.10843018606516,0.6177972695662256,False,True
Access_Towers_2_Ind-CM1417-K_C,2026-04-05,31.26,20.346043130108953,0.5364166781766084,False,True
Achchuweli_Town-JA0191-B_A,2026-04-07,2.67,1.5721329349387283,0.6983296645356898,False,True
Achchuweli_Town-JA0191-C_A,2026-04-06,10.0,6.589181825619244,0.5176391037077218,False,True
Achchuweli_Town-JA0191-H_1B,2026-03-26,5.27,3.118975984441909,0.6896571266620323,False,True
Achchuweli_Town-JA0191-H_1B,2026-03-27,5.29,3.202380080598104,0.6518963604757354,False,True
Achchuweli_Town-JA0191-H_1B,2026-03-30,4.2,2.6571103691453866,0.580664487546619,False,True
Achchuweli_Town-JA0191-H_1B,2026-04-01,5.18,2.5771068882358805,1.0100058804879026,False,True
Achchuweli_Town-JA0191-H_1B,2026-04-05,4.78,3.1158256931261046,0.5341037884581507,False,True
Achchuweli_Town-JA0191-H_1B,2026-04-06,3.6,2.3253859395512495,0.5481301141326778,False,True
Achchuweli_Town-JA0191-P_1B,2026-03-24,2.66,1.7513236102232912,0.5188512188566076,False,True
Achchuweli_Town-JA0191-P_1B,2026-03-25,4.73,1.6664224688327884,1.8384158810058726,False,True
Achchuweli_Town-JA0191-P_1B,2026-03-27,4.38,1.9795769066375213,1.2125940069889984,False,True
Achchuweli_Town-JA0191-P_1B,2026-03-28,6.0,2.647278332222152,1.2664787177718255,False,True
Achchuweli_Town-JA0191-P_1B,2026-03-30,3.3,1.1636085584218576,1.8360052666470759,False,True
Achchuweli_Town-JA0191-P_1B,2026-03-31,2.92,1.3085221819623496,1.2315250289612727,False,True
Achchuweli_Town-JA0191-P_1B,2026-04-01,3.18,1.2236210405720227,1.5988438369067293,False,True
Achchuweli_Town-JA0191-P_1B,2026-04-03,2.62,1.5367754783751248,0.7048684319001488,False,True
Achchuweli_Town-JA0191-P_1B,2026-04-05,2.81,1.6983355409513186,0.6545611466306507,False,True
Achchuweli_Town-JA0191-P_1B,2026-04-06,2.99,0.7208071301574757,3.1481276681416444,False,True
Achchuweli_Town-JA0191-P_1B,2026-04-07,2.62,0.8657207537014076,2.026380029354886,False,True
Achchuweli_Town-JA0191-P_1B,2026-04-08,3.25,0.7808196123089806,3.1622929915775893,False,True
Achchuweli_Town-JA0191-P_U,2026-04-03,21.07,13.836535108923968,0.5227800771025948,False,True
Achchuweli_Town-JA0191-P_U,2026-04-06,18.67,10.182049857205708,0.8336189924259189,False,True
Achchuweli_Town-JA0191-P_U,2026-04-07,18.15,11.235142242309731,0.6154668635747245,False,True
Achchuweli_Town-JA0191-P_U,2026-04-08,16.61,10.92511076140395,0.5203507188851149,False,True
Achchuweli_Town-JA0191-P_V,2026-04-07,101.0,65.70522154350623,0.5371685480601203,False,True
Achchuweli_Town-JA0191-P_V,2026-04-08,98.09,64.17950878788591,0.5283694414706211,False,True
Adampan-MA0027-B_B,2026-04-07,17.99,11.990044249296293,0.500411476884737,False,True
Adampan-MA0027-O_C,2026-04-02,76.9,50.6896293316199,0.5170756033134026,False,True
Adampan-MA0027-O_C,2026-04-03,82.93,53.34192036902514,0.5546871846060538,False,True
Adampan-MA0027-O_C,2026-04-05,86.87,55.50073144895879,0.5652045969860765,False,True
Adampan-MA0027-O_C,2026-04-07,75.31,49.43484600508771,0.5234193304101583,False,True
Adampan-MA0027-P_W,2026-04-05,94.69,55.027849046299764,0.7207650606210135,False,True
Adampan-MA0027-P_W,2026-04-06,78.44,48.7876598972554,0.6077836109620973,False,True
Adampan-MA0027-P_W,2026-04-07,80.69,48.53381238223135,0.662552271074862,False,True
Addaippaliam-AM0046-B_C,2026-04-05,29.89,17.00932783549773,0.75727108614021,False,True
Addaippaliam-AM0046-B_C,2026-04-07,25.28,14.332962216656501,0.7637665974324429,False,True
Addaippaliam-AM0046-B_C,2026-04-08,28.91,16.467605361466685,0.7555679387148694,False,True
Addaippaliam-AM0046-C_B,2026-04-02,26.74,15.98144245360818,0.6731906445630523,False,True
Addaippaliam-AM0046-C_B,2026-04-06,23.27,13.341951167733178,0.744122707949741,False,True
Addaippaliam-AM0046-C_B,2026-04-07,20.3,12.921769995143858,0.570992209862036,False,True
Addaippaliam-AM0046-C_B,2026-04-08,27.39,13.875840236979348,0.973934517277389,False,True
Addaippaliam-AM0046-P_W,2026-03-23,39.67,22.81723445021173,0.7385980797349387,False,True
Addaippaliam-AM0046-P_W,2026-03-24,38.32,20.877487623479453,0.8354698942273193,False,True
Addaippaliam-AM0046-P_W,2026-03-25,38.48,23.757765603278735,0.6196809347546343,False,True
Addaippaliam-AM0046-P_W,2026-03-29,35.96,19.495145801971724,0.8445617368177383,False,True
Addaippaliam-AM0046-P_W,2026-03-30,37.57,15.68343928031679,1.3955204804568302,False,True
Addaippaliam-AM0046-P_W,2026-03-31,30.85,13.743692453592544,1.244666060752541,False,True
Addaippaliam-AM0046-P_W,2026-04-01,32.26,16.623970433390795,0.9405713051078808,False,True
Addaippaliam-AM0046-P_W,2026-04-02,36.97,15.117713267428122,1.4454756712216346,False,True
Addaippaliam-AM0046-P_W,2026-04-03,37.59,20.520033015528284,0.8318683976558044,False,True
Addaippaliam-AM0046-P_W,2026-04-04,35.46,17.108771052031436,1.0726211071595118,False,True
Addaippaliam-AM0046-P_W,2026-04-05,31.9,12.36135063206833,1.5806241526102893,False,True
Addaippaliam-AM0046-P_W,2026-04-06,36.9,8.549644110443083,3.315969123782354,False,True
Addaippaliam-AM0046-P_W,2026-04-07,32.94,6.6098972837056,3.9834359879089347,False,True
Addaippaliam-AM0046-P_W,2026-04-08,36.54,9.490175263500397,2.8502977010903408,False,True
Addaippaliam_Town-AM0168-B_B,2026-03-23,4.71,2.838063226685138,0.6595824771322261,False,True
Addaippaliam_Town-AM0168-B_B,2026-03-24,6.59,4.112825161013489,0.6023049222875504,False,True
Addaippaliam_Town-AM0168-B_B,2026-03-30,4.43,2.12211192961209,1.0875430452953436,False,True
Addaippaliam_Town-AM0168-B_B,2026-04-03,5.03,3.122291000586814,0.6109965403784097,False,True
Addaippaliam_Town-AM0168-B_B,2026-04-04,4.62,2.9685040056253023,0.5563394865713909,False,True
Addaippaliam_Town-AM0168-B_B,2026-04-05,4.78,2.5774661497245637,0.8545345398661419,False,True
Addaippaliam_Town-AM0168-B_B,2026-04-06,4.98,1.4061606325367135,2.54155840006421,False,True
Addaippaliam_Town-AM0168-B_B,2026-04-07,4.12,2.6809225668660073,0.5367844080689996,False,True
Addaippaliam_Town-AM0168-B_B,2026-04-08,5.03,2.019523322363624,1.4906867597413793,False,True
Addaippaliam_Town-AM0168-C_A,2026-04-06,7.44,4.774281543420688,0.5583496558247322,False,True
Addaippaliam_Town-AM0168-C_B,2026-03-23,2.39,1.3931074055120662,0.7155891861198633,False,True
Addaippaliam_Town-AM0168-C_B,2026-03-24,2.27,1.381189091144588,0.6435113877990858,False,True
Addaippaliam_Town-AM0168-C_B,2026-03-28,2.74,1.7406158846559543,0.5741554608078172,False,True
Addaippaliam_Town-AM0168-C_B,2026-03-29,2.08,1.3259072203661684,0.5687372148298416,False,True
Addaippaliam_Town-AM0168-C_B,2026-03-30,2.55,1.0574379895591184,1.41148892434173,False,True
Addaippaliam_Town-AM0168-C_B,2026-03-31,2.05,1.0455196751925997,0.9607474145547386,False,True
Addaippaliam_Town-AM0168-C_B,2026-04-02,2.15,1.2199015156247124,0.7624373545424964,False,True
Addaippaliam_Town-AM0168-C_B,2026-04-03,2.63,1.2646073969725187,1.0796968342081845,False,True
Addaippaliam_Town-AM0168-C_B,2026-04-04,2.2,1.4049464687027524,0.5658959604570236,False,True
Addaippaliam_Town-AM0168-C_B,2026-04-05,2.43,0.9902378044121742,1.4539559984204993,False,True
Addaippaliam_Town-AM0168-C_B,2026-04-06,2.07,0.7217685736074415,1.8679552916165618,False,True
Addaippaliam_Town-AM0168-C_B,2026-04-07,2.19,0.7098502592406106,2.08515770965955,False,True
Addaippaliam_Town-AM0168-C_B,2026-04-08,2.37,1.3860126213518535,0.7099411386949782,False,True
Addaippaliam_West-AM0188-P_1U,2026-04-07,21.13,44.73739102529038,0.5276881481967722,False,True
Addalachchenai-AM0022-B_A,2026-03-29,18.1,11.41119073815855,0.5861622520666795,False,True
Addalachchenai-AM0022-B_A,2026-03-30,16.27,9.266945436444104,0.7557025787607417,False,True
Addalachchenai-AM0022-B_A,2026-03-31,22.35,10.103389255393052,1.2121289633644348,False,True
Addalachchenai-AM0022-B_A,2026-04-01,16.97,9.74697150155707,0.7410536182740513,False,True
Addalachchenai-AM0022-B_A,2026-04-02,18.09,10.660162680944508,0.6969722265436569,False,True
Addalachchenai-AM0022-B_A,2026-04-04,19.51,10.661281503704611,0.8299863851470964,False,True
Addalachchenai-AM0022-B_A,2026-04-05,18.61,9.983464972742661,0.8640822651063454,False,True
Addalachchenai-AM0022-B_A,2026-04-06,17.56,7.839219671033186,1.2400188713790237,False,True
Addalachchenai-AM0022-B_A,2026-04-07,18.89,8.675663489978085,1.1773550831958004,False,True
Addalachchenai-AM0022-B_A,2026-04-08,19.66,8.319245736141909,1.363195008724123,False,True
Addalachchenai-AM0022-B_C,2026-03-23,18.9,12.545005564159771,0.5065756570085561,False,True
Addalachchenai-AM0022-B_C,2026-03-24,20.74,12.59990487773231,0.6460441726551126,False,True
Addalachchenai-AM0022-B_C,2026-03-25,23.19,11.598250981910013,0.9994394013519654,False,True
Addalachchenai-AM0022-B_C,2026-03-26,21.0,12.84454569815042,0.6349352085705876,False,True
Addalachchenai-AM0022-B_C,2026-03-27,20.33,13.10421261325881,0.5514095047137861,False,True
Addalachchenai-AM0022-B_C,2026-03-28,26.7,13.147390407935186,1.0308212635022274,False,True
Addalachchenai-AM0022-B_C,2026-03-29,20.84,12.162567344698646,0.71345402737553,False,True
Addalachchenai-AM0022-B_C,2026-03-30,17.84,10.744392347021252,0.6604010188576105,False,True
Addalachchenai-AM0022-B_C,2026-03-31,20.93,10.799291660592695,0.9380900764422269,False,True
Addalachchenai-AM0022-B_C,2026-04-01,19.07,9.7976377647703,0.9463875331838302,False,True
Addalachchenai-AM0022-B_C,2026-04-02,17.8,11.043932481012837,0.6117447322864805,False,True
Addalachchenai-AM0022-B_C,2026-04-03,17.69,11.303599396117376,0.5649882289774232,False,True
Addalachchenai-AM0022-B_C,2026-04-04,20.59,11.346777190797347,0.8146121717009871,False,True
Addalachchenai-AM0022-B_C,2026-04-05,20.0,10.361954127561601,0.9301378633594131,False,True
Addalachchenai-AM0022-B_C,2026-04-06,16.48,8.943779129878816,0.8426215317577164,False,True
Addalachchenai-AM0022-B_C,2026-04-07,18.26,8.998678443453077,1.0291868539079683,False,True
Addalachchenai-AM0022-B_C,2026-04-08,22.34,7.997024547629534,1.7935390052819067,False,True
Addalachchenai-AM0022-H_1B,2026-04-04,64.95,42.402041452256235,0.5317658720071833,False,True
Addalachchenai-AM0022-H_1B,2026-04-06,58.95,36.23899874195053,0.6267005724901292,False,True
Addalachchenai-AM0022-H_1B,2026-04-07,61.45,38.93644054460254,0.5782130862631804,False,True
Addalachchenai-AM0022-H_1B,2026-04-08,62.87,38.7508266254192,0.6224170030674766,False,True
Addalachchenai-AM0022-H_3C,2026-04-01,139.5,78.46629705474493,0.7778333531232223,False,True
Addalachchenai-AM0022-H_3C,2026-04-04,127.49,79.13842337618071,0.6109747270801994,False,True
Addalachchenai-AM0022-H_3C,2026-04-05,127.25,79.19596741683318,0.6067737304128553,False,True
Addalachchenai-AM0022-H_3C,2026-04-06,118.22,75.55384045622625,0.5647119893063981,False,True
Addalachchenai-AM0022-H_3C,2026-04-07,120.71,74.58239787214302,0.618478400318179,False,True
Addalachchenai-AM0022-H_3C,2026-04-08,127.99,69.81950224098355,0.8331554349705858,False,True
Addalachchenai-AM0022-H_4B,2026-04-08,105.84,65.64328369304361,0.6123507851149156,False,True
Addalachchenai-AM0022-O_U,2026-04-06,88.44,57.77185152847653,0.5308493264476164,False,True
Addalachchenai-AM0022-P_1B,2026-03-30,43.38,27.09270617971521,0.6011689534535821,False,True
Addalachchenai-AM0022-P_1B,2026-04-01,42.57,26.527518880183084,0.6047486458223263,False,True
Addalachchenai-AM0022-P_1B,2026-04-04,45.79,27.092808667953687,0.690116390707103,False,True
Addalachchenai-AM0022-P_1B,2026-04-06,37.53,23.683047906579763,0.5846777892795293,False,True
Addalachchenai-AM0022-P_1B,2026-04-07,43.31,25.472586059077592,0.7002592473160275,False,True
Addalachchenai-AM0022-P_1B,2026-04-08,46.11,23.117860607058457,0.9945617279966413,False,True
Addalachchenai-AM0022-P_2C,2026-03-23,61.5,36.08549079656687,0.7042860895729047,False,True
Addalachchenai-AM0022-P_2C,2026-03-24,73.77,39.03600661366707,0.889793716096258,False,True
Addalachchenai-AM0022-P_2C,2026-03-25,63.18,36.279400229616826,0.7414841370068397,False,True
Addalachchenai-AM0022-P_2C,2026-03-26,76.3,34.2027308892156,1.2308160201341702,False,True
Addalachchenai-AM0022-P_2C,2026-03-27,67.88,35.80887049119663,0.8956196905648794,False,True
Addalachchenai-AM0022-P_2C,2026-03-28,68.85,36.484863954814756,0.887083917464194,False,True
Addalachchenai-AM0022-P_2C,2026-03-29,60.65,34.080083363896385,0.7796317970351897,False,True
Addalachchenai-AM0022-P_2C,2026-03-30,65.18,30.76015797989364,1.118974812892862,False,True
Addalachchenai-AM0022-P_2C,2026-03-31,51.24,33.71067379699325,0.5199933501350021,False,True
Addalachchenai-AM0022-P_2C,2026-04-01,54.82,30.95406741293713,0.7710111976136681,False,True
Addalachchenai-AM0022-P_2C,2026-04-02,69.32,28.877398072545226,1.4004932794102731,False,True
Addalachchenai-AM0022-P_2C,2026-04-03,58.46,30.483537674510906,0.9177564173885853,False,True
Addalachchenai-AM0022-P_2C,2026-04-04,64.84,31.159531138143187,1.0809042251803231,False,True
Addalachchenai-AM0022-P_2C,2026-04-05,65.85,28.75475054722274,1.2900563818787874,False,True
Addalachchenai-AM0022-P_2C,2026-04-06,76.62,25.43482516321984,2.0124052164037183,False,True
Addalachchenai-AM0022-P_2C,2026-04-07,71.24,28.385340980319405,1.509746141481735,False,True
Addalachchenai-AM0022-P_2C,2026-04-08,74.88,25.628734596272608,1.9217205289132921,False,True
Addalachchenai-AM0022-P_3C,2026-03-25,65.04,43.28804643761623,0.5024933059460468,False,True
Addalachchenai-AM0022-P_3C,2026-03-28,68.61,45.38110097740897,0.5118628354599537,False,True
Addalachchenai-AM0022-P_3C,2026-03-30,62.12,36.930610536099486,0.6820734642141377,False,True
Addalachchenai-AM0022-P_3C,2026-04-01,79.75,37.69133703545452,1.1158708146909944,False,True
Addalachchenai-AM0022-P_3C,2026-04-02,58.71,35.69091091694278,0.644956614770229,False,True
Addalachchenai-AM0022-P_3C,2026-04-03,65.31,36.38058949138114,0.7951880635543985,False,True
Addalachchenai-AM0022-P_3C,2026-04-04,72.85,39.7843915752573,0.8311201231315762,False,True
Addalachchenai-AM0022-P_3C,2026-04-05,71.3,38.13933966999569,0.8694607881764632,False,True
Addalachchenai-AM0022-P_3C,2026-04-06,63.79,31.33390113393871,1.0358141722387415,False,True
Addalachchenai-AM0022-P_3C,2026-04-07,67.64,33.268789489558955,1.0331367939079381,False,True
Addalachchenai-AM0022-P_3C,2026-04-08,72.02,32.09462763330198,1.2439892689476386,False,True
Addalachenai_Junc-AM0241-B_A,2026-04-07,2.96,6.274813199837913,0.5282728097664389,False,True
Addalachenai_Junc-AM0241-B_B,2026-03-23,12.29,7.571063308779854,0.623285858110285,False,True
Addalachenai_Junc-AM0241-B_C,2026-04-08,7.16,15.798359947932157,0.5467883993276675,False,True
Addalachenai_Junc-AM0241-C_A,2026-03-31,12.93,7.751266420675941,0.668114511650659,False,True
Addalachenai_Junc-AM0241-C_B,2026-03-23,7.73,4.127243797107534,0.8729206172451843,False,True
Addalachenai_Junc-AM0241-C_B,2026-03-25,9.11,5.383791370670084,0.6921160893472993,False,True
Addalachenai_Junc-AM0241-C_B,2026-03-30,5.87,3.6878336910824197,0.591720368029148,False,True
Addalachenai_Junc-AM0241-O_V,2026-03-28,49.82,32.86091539755084,0.5160867978654404,False,True
Addalachenai_Junc-AM0241-O_V,2026-03-30,40.31,26.714936528959264,0.5088937215442586,False,True
Addalachenai_Junc-AM0241-O_V,2026-04-03,42.81,28.281008882372568,0.5137366625800712,False,True
Addalachenai_Junc-AM0241-O_V,2026-04-04,42.43,26.510289181594317,0.6005106435979013,False,True
Addalachenai_Junc-AM0241-O_V,2026-04-05,46.89,24.579189857422115,0.9077113717741493,False,True
Addalachenai_Junc-AM0241-O_V,2026-04-06,39.3,20.364310312997212,0.9298468446003482,False,True
Addalachenai_Junc-AM0241-O_V,2026-04-07,41.73,21.251523058906216,0.9636239663543333,False,True
Addalachenai_Junc-AM0241-O_V,2026-04-08,47.39,23.792313849059283,0.991819723825379,False,True
Addalachenai_Junc-AM0241-O_W,2026-04-05,80.77,172.56864400078427,0.5319543682592017,False,True
Addalachenai_South-AM0242-B_B,2026-03-30,12.29,25.894876819367383,0.5253887444327203,False,True
Addalachenai_South-AM0242-B_B,2026-03-31,8.38,24.932594100964472,0.6638937783182441,False,True
Addalachenai_South-AM0242-B_B,2026-04-01,9.2,26.118639160926445,0.6477611278552665,False,True
Addalachenai_South-AM0242-B_B,2026-04-02,8.4,25.970203776744075,0.6765524031997748,False,True
Addalachenai_South-AM0242-B_B,2026-04-03,10.58,27.290141761171082,0.612314216152097,False,True
Addalachenai_South-AM0242-B_B,2026-04-04,10.74,27.831765929217266,0.6141100055485395,False,True
Addalachenai_South-AM0242-B_B,2026-04-05,9.78,27.495080794034806,0.6443000086720305,False,True
Addalachenai_South-AM0242-B_B,2026-04-06,10.92,25.495959205368965,0.5716968358774102,False,True
Addalachenai_South-AM0242-B_B,2026-04-07,10.1,24.533676486964303,0.5883209756447827,False,True
Addalachenai_South-AM0242-B_B,2026-04-08,10.28,25.719721546924106,0.6003067147813109,False,True
Addalachenai_South-AM0242-B_C,2026-03-30,21.05,10.152419912159,1.0733972966178793,False,True
Addalachenai_South-AM0242-B_C,2026-03-31,23.64,10.674140267540842,1.214698271474588,False,True
Addalachenai_South-AM0242-B_C,2026-04-01,25.43,10.297452115852368,1.4695429232297081,False,True
Addalachenai_South-AM0242-B_C,2026-04-02,25.22,10.560822115468127,1.3880716599762628,False,True
Addalachenai_South-AM0242-B_C,2026-04-03,30.24,10.549165660041421,1.8665774123298071,False,True
Addalachenai_South-AM0242-B_C,2026-04-04,27.82,11.915372772302185,1.3347989636269568,False,True
Addalachenai_South-AM0242-B_C,2026-04-05,26.93,11.011927390992847,1.4455301096543067,False,True
Addalachenai_South-AM0242-B_C,2026-04-06,26.68,9.931850661638718,1.6863070044991895,False,True
Addalachenai_South-AM0242-B_C,2026-04-07,24.94,10.453571017024458,1.3857875896555598,False,True
Addalachenai_South-AM0242-B_C,2026-04-08,28.55,10.076882865335895,1.833217412719061,False,True
Advantis_Kotugoda_Lamp-GM5176-K_A,2026-03-22,10.98,2.744481447698768,3.000755774540458,False,True
Advantis_Kotugoda_Lamp-GM5176-K_A,2026-03-23,32.4,20.68567764000668,0.5663011173169155,False,True
Advantis_Kotugoda_Lamp-GM5176-K_A,2026-03-29,15.99,2.6628742243619135,5.004789807085829,False,True
Advantis_Kotugoda_Lamp-GM5176-K_A,2026-04-05,10.79,2.5812670010231615,3.1801177467201436,False,True
Advantis_Kotugoda_Lamp-GM5176-K_B,2026-04-01,22.41,64.44958190670472,0.6522863401590403,False,True
Advantis_Kotugoda_Lamp-GM5176-K_B,2026-04-06,77.08,48.38244221577388,0.5931399174982118,False,True
Advantis_Kotugoda_Lamp-GM5176-K_C,2026-04-01,6.19,21.61121416621764,0.7135746306343063,False,True
Advantis_Kotugoda_Lamp-GM5176-K_C,2026-04-06,25.72,15.299855368619822,0.6810616427624546,False,True
Advantis_Kotugoda_Lamp-GM5176-P_U,2026-04-05,71.74,47.562391491043826,0.5083345843429447,False,True
Agbopura-TR0023-B_D,2026-04-03,8.68,5.768645804897657,0.5046858991811499,False,True
Agbopura-TR0023-H_D,2026-04-02,104.36,63.78057311027253,0.6362349052519212,False,True
Agbopura-TR0023-H_D,2026-04-03,102.76,56.35123583597968,0.8235624911421874,False,True
Agbopura-TR0023-H_D,2026-04-04,111.68,64.47824617779726,0.7320570366018488,False,True
Agbopura-TR0023-H_D,2026-04-05,118.82,61.66268710431028,0.9269351625724783,False,True
Agbopura-TR0023-P_1W,2026-03-23,2.76,8.557825326557412,0.6774881591197099,False,True
Agbopura-TR0023-P_1W,2026-03-27,3.7,2.324800345525445,0.59153451913469,False,True
Agbopura-TR0023-P_1W,2026-03-28,0.84,2.114854414402778,0.6028095389075703,False,True
Agbopura-TR0023-P_1W,2026-03-29,1.01,3.389657535585652,0.7020347957288564,False,True
Agbopura-TR0023-P_1W,2026-03-30,1.62,8.683811455002363,0.8134459726130063,False,True
Agbopura-TR0023-P_1W,2026-04-05,1.74,3.515643664029733,0.5050692941941786,False,True
Agbopura-TR0023-P_1W,2026-04-06,1.69,8.809797583446136,0.808168123729022,False,True
Agbopura-TR0023-P_2C,2026-03-21,47.76,31.47440957411309,0.5174232224289729,False,True
Agbopura-TR0023-P_2C,2026-03-23,46.07,23.59777697957793,0.952302542729769,False,True
Agbopura-TR0023-P_2C,2026-03-24,44.0,19.70430961145472,1.233014039447566,False,True
Agbopura-TR0023-P_2C,2026-03-25,40.62,14.26420119859835,1.847688379773517,False,True
Agbopura-TR0023-P_2C,2026-03-26,39.34,21.801646683444183,0.8044508550757389,False,True
Agbopura-TR0023-P_2C,2026-03-27,43.86,18.961657733148634,1.3130888985156748,False,True
Agbopura-TR0023-P_2C,2026-03-28,46.01,19.088977966305343,1.410291430018618,False,True
Agbopura-TR0023-P_2C,2026-03-29,48.37,18.892334606644155,1.5602976554834564,False,True
Agbopura-TR0023-P_2C,2026-03-30,42.9,11.212345371782334,2.8261397216647226,False,True
Agbopura-TR0023-P_2C,2026-03-31,42.18,7.318878003653431,4.763178451525579,False,True
Agbopura-TR0023-P_2C,2026-04-01,43.71,1.8787695908002178,22.265226462060603,False,True
Agbopura-TR0023-P_2C,2026-04-02,39.0,9.41621507565435,3.1417915464605954,False,True
Agbopura-TR0023-P_2C,2026-04-03,38.43,6.5762261253510275,4.843777155389205,False,True
Agbopura-TR0023-P_2C,2026-04-04,40.38,6.703546358518999,5.023677295627904,False,True
Agbopura-TR0023-P_2C,2026-04-05,46.77,6.506902998862834,6.187751224841321,False,True
Agbopura-TR0023-P_3C,2026-03-22,31.76,19.606819051288987,0.6198446018663105,False,True
Agbopura-TR0023-P_3C,2026-03-23,30.45,18.833224876723136,0.6168234701872316,False,True
Agbopura-TR0023-P_3C,2026-03-24,30.88,16.454081636009263,0.8767379841133185,False,True
Agbopura-TR0023-P_3C,2026-03-25,28.0,13.95835283659352,1.0059673464188836,False,True
Agbopura-TR0023-P_3C,2026-03-26,28.23,14.651694459146,0.9267396053552045,False,True
Agbopura-TR0023-P_3C,2026-03-27,27.52,18.011865282501788,0.5278817361983713,False,True
Agbopura-TR0023-P_3C,2026-03-28,32.54,15.884671746289257,1.0485157338930542,False,True
Agbopura-TR0023-P_3C,2026-03-29,26.94,11.823366645598828,1.2785388297188807,False,True
Agbopura-TR0023-P_3C,2026-03-30,24.33,11.04977247103188,1.201855292838256,False,True
Agbopura-TR0023-P_3C,2026-03-31,28.86,8.670629230316955,2.328478156935909,False,True
Agbopura-TR0023-P_3C,2026-04-01,34.33,6.174900430902952,4.5596038161509185,False,True
Agbopura-TR0023-P_3C,2026-04-02,28.69,6.868242053457763,3.1771969852978965,False,True
Agbopura-TR0023-P_3C,2026-04-03,32.12,10.22841287680373,2.140272140640959,False,True
Agbopura-TR0023-P_3C,2026-04-04,30.29,8.101219340594682,2.7389433277307758,False,True
Agbopura-TR0023-P_3C,2026-04-05,29.72,4.039914239904789,6.356591807429167,False,True
Agbopura-TR0023-P_3C,2026-04-06,27.45,3.266320065343315,7.403952904448388,False,True
Agbopura-TR0023-P_3C,2026-04-07,26.94,0.8871768246246674,29.365987086505946,False,True
Agbopura-TR0023-P_3W,2026-04-06,14.18,29.363026615436386,0.5170797552407129,False,True
Agbopura-TR0023-P_4C,2026-03-22,26.66,17.77226262869676,0.5000903687385456,False,True
Agbopura-TR0023-P_4C,2026-03-23,17.85,11.695245912998452,0.5262611947441797,False,True
Agbopura-TR0023-P_4C,2026-03-30,16.42,7.6211942904690915,1.154517963219297,False,True
Agbopura-TR0023-P_4C,2026-03-31,15.24,9.284005081330847,0.6415329231826931,False,True
Agbopura-TR0023-P_4C,2026-04-01,15.38,6.31318803240794,1.436170112635446,False,True
Agbopura-TR0023-P_4C,2026-04-02,17.53,7.962179667233929,1.2016584318160637,False,True
Agbopura-TR0023-P_4C,2026-04-03,17.39,7.526608825362544,1.310469482803546,False,True
Agbopura-TR0023-P_4C,2026-04-04,19.07,10.284447405692028,0.8542561644532815,False,True
Agbopura-TR0023-P_4C,2026-04-05,20.31,9.624159383631746,1.1103141781444474,False,True
Agbopura-TR0023-P_4C,2026-04-06,18.86,3.547142667927602,4.31695557963527,False,True
Agbopura-TR0023-P_4C,2026-04-07,17.02,5.209953458799443,2.2668238084264973,False,True
Agbopura-TR0023-P_4C,2026-04-08,20.15,2.2391364098767177,7.999005112470757,False,True
Agbopura-TR0023-P_4W,2026-04-04,4.68,13.059115378904629,0.6416296307818862,False,True
Agbopura-TR0023-P_A,2026-04-07,100.45,66.39323428742351,0.5129553647761919,False,True
Agbopura-TR0023-P_W,2026-03-26,64.98,40.08183124511477,0.6211834135677086,False,True
Agbopura-TR0023-P_W,2026-03-27,60.72,38.95689673818062,0.5586457106191917,False,True
Agbopura-TR0023-P_W,2026-03-30,57.9,28.880527648546604,1.0048110167721878,False,True
Agbopura-TR0023-P_W,2026-03-31,57.85,32.66411822464549,0.7710565337211963,False,True
Agbopura-TR0023-P_W,2026-04-01,69.52,36.9877325115736,0.8795420881300829,False,True
Agbopura-TR0023-P_W,2026-04-02,59.59,28.864157136428304,1.0644981843171106,False,True
Agbopura-TR0023-P_W,2026-04-03,56.05,27.73922262945952,1.020604569519333,False,True
Agbopura-TR0023-P_W,2026-04-04,65.81,37.6447536075389,0.7481851703983687,False,True
Agbopura-TR0023-P_W,2026-04-05,70.4,37.781914138197706,0.8633253927393068,False,True
Agbopura-TR0023-P_W,2026-04-06,58.53,17.662853539854524,2.313734095565742,False,True
Agbopura-TR0023-P_W,2026-04-07,59.38,21.4464441159613,1.7687573603778464,False,True
Agbopura-TR0023-P_W,2026-04-08,66.77,25.77005840288558,1.590991411665698,False,True
Aggona_RT-CM0425-B_A,2026-03-21,4.7,1.7698949912825763,1.6555247758479088,False,True
Aggona_RT-CM0425-B_A,2026-03-22,3.81,2.475197450363856,0.5392711395367376,False,True
Aggona_RT-CM0425-B_A,2026-03-24,3.04,1.6451913241967886,0.8478094038601751,False,True
Aggona_RT-CM0425-B_A,2026-03-26,5.57,2.1918379881348335,1.5412462189962532,False,True
Aggona_RT-CM0425-B_A,2026-03-27,2.88,1.7435017087983828,0.6518481085888289,False,True
Aggona_RT-CM0425-B_C,2026-03-25,5.07,3.340761918967516,0.517617873699577,False,True
Aggona_RT-CM0425-B_C,2026-03-31,5.77,3.66258416513723,0.575390418306963,False,True
Aggona_RT-CM0425-B_D,2026-04-02,12.75,6.829947732597118,0.8667785610054377,False,True
Aggona_RT-CM0425-B_D,2026-04-03,10.37,6.367971627065058,0.6284620295614352,False,True
Aggona_RT-CM0425-H_C,2026-04-01,87.51,55.28791214241383,0.5828052933991547,False,True
Aggona_RT-CM0425-H_C,2026-04-03,73.86,49.22679220196649,0.5004024576082264,False,True
Aggona_RT-CM0425-H_C,2026-04-08,79.71,52.10388207864831,0.5298284277490413,False,True
Aggona_RT-CM0425-O_R,2026-04-01,39.18,24.14809412220001,0.6224882925224622,False,True
Aggona_RT-CM0425-O_W,2026-04-01,31.61,18.414063250797156,0.7166227556338812,False,True
Aggona_RT-CM0425-O_W,2026-04-06,28.45,16.96936824988459,0.6765503335808327,False,True
Aggona_RT-CM0425-O_W,2026-04-08,24.93,16.570792545526082,0.504454293993971,False,True
Aggona_RT-CM0425-P_C,2026-04-01,51.29,34.171847659860056,0.5009431304543644,False,True
Agunawila-PU0081-P_C,2026-03-21,113.1,63.94221007504896,0.7687846551949729,False,True
Agunawila-PU0081-P_C,2026-03-22,109.52,67.80996562188713,0.6151018363685773,False,True
Agunawila-PU0081-P_C,2026-03-23,100.14,65.51845516872889,0.5284243155933799,False,True
Agunawila-PU0081-P_C,2026-03-24,103.85,61.68027589943597,0.6836824817275119,False,True
Agunawila-PU0081-P_C,2026-03-25,111.59,58.56876279632341,0.9052818374883776,False,True
Agunawila-PU0081-P_C,2026-03-26,104.93,69.15891712414856,0.5172302338343161,False,True
Agunawila-PU0081-P_C,2026-03-28,110.38,62.48731118191459,0.7664386242938032,False,True
Agunawila-PU0081-P_C,2026-03-29,112.85,66.35506672874051,0.7006990658502501,False,True
Agunawila-PU0081-P_C,2026-03-30,105.95,64.06355627557528,0.6538263899095195,False,True
Agunawila-PU0081-P_C,2026-03-31,104.39,60.22537700628043,0.7333224827984719,False,True
Agunawila-PU0081-P_C,2026-04-01,110.92,57.11386390317029,0.9420853785702814,False,True
Agunawila-PU0081-P_C,2026-04-03,107.61,70.62583110471604,0.5236634856791701,False,True
Agunawila-PU0081-P_C,2026-04-04,104.66,61.0324122887693,0.7148265335607371,False,True
Agunawila-PU0081-P_C,2026-04-05,112.61,64.90016783559822,0.7351264835748633,False,True
Agunawila-PU0081-P_C,2026-04-06,100.64,62.608657382429904,0.6074454270000521,False,True
Agunawila-PU0081-P_C,2026-04-07,100.6,58.77047811312487,0.71174377391246,False,True
Agunawila-PU0081-P_C,2026-04-08,102.88,55.658965010002305,0.8483994443934008,False,True
Ahugammana-GM0236-B_C,2026-03-25,12.55,6.468518329673284,0.9401661030206719,False,True
Ahugammana-GM0236-B_C,2026-04-07,9.29,5.059798235460258,0.8360415905309209,False,True
Ahugammana-GM0236-C_C,2026-03-25,11.9,6.550919980291541,0.816538751167955,False,True
Ahugammana-GM0236-C_D,2026-03-25,13.22,8.50391316962502,0.5545784318706697,False,True
Airport_Garden-GM0353-B_A,2026-03-28,20.95,13.866289517194758,0.510858400440951,False,True
Airport_Garden-GM0353-B_A,2026-03-30,34.21,18.88539574971769,0.8114526406210677,False,True
Airport_Garden-GM0353-B_A,2026-04-06,31.21,18.806376059249484,0.659543545320635,False,True
Airport_Garden_Ind-GM0353-K_A,2026-03-27,13.2,6.44116648110675,1.0493182467365627,False,True
Airport_Garden_Ind-GM0353-K_A,2026-03-28,11.21,6.031022456221512,0.8587229746485081,False,True
Airport_Garden_Ind-GM0353-K_A,2026-03-31,9.35,5.326189503927964,0.7554764044922833,False,True
Airport_Rd_Lamp-GM5024-O_A,2026-03-28,52.59,34.811452986148915,0.510709708696301,False,True
Airport_Rd_Lamp-GM5024-O_A,2026-03-31,53.92,32.930401775494296,0.6373927159347768,False,True
Airport_Rd_Lamp-GM5024-O_A,2026-04-01,60.52,35.99056639541989,0.6815517526198669,False,True
Airport_Rd_Lamp-GM5024-O_A,2026-04-02,56.98,34.42912032451402,0.6549943612538203,False,True
Airport_Rd_Lamp-GM5024-O_A,2026-04-03,55.53,33.49443720741773,0.6578872382934751,False,True
Airport_Rd_Lamp-GM5024-O_A,2026-04-04,46.12,26.96288052578104,0.7104997352156621,False,True
Airport_Rd_Lamp-GM5024-O_A,2026-04-05,60.74,38.220660364974954,0.5891928454397286,False,True
Airport_Rd_Lamp-GM5024-O_A,2026-04-06,52.36,26.656922421925536,0.9642177431905444,False,True
Airport_Rd_Lamp-GM5024-O_A,2026-04-07,47.3,25.08182931511429,0.8858273615432449,False,True
Airport_Rd_Lamp-GM5024-O_A,2026-04-08,48.2,28.1419939350305,0.7127428891952736,False,True
Airport_Rd_Lamp-GM5024-O_C,2026-03-26,36.17,23.72396017031744,0.5246189818365399,False,True
Airport_Rd_Lamp-GM5024-O_C,2026-03-28,38.85,21.27146485999448,0.8263904369400388,False,True
Airport_Rd_Lamp-GM5024-O_C,2026-03-29,41.85,24.681769084637914,0.6955834833592905,False,True
Airport_Rd_Lamp-GM5024-O_C,2026-03-30,35.17,14.022083398131358,1.50818647995539,False,True
Airport_Rd_Lamp-GM5024-O_C,2026-03-31,38.28,13.418929079686599,1.8526866617059456,False,True
Airport_Rd_Lamp-GM5024-O_C,2026-04-01,36.47,15.750261498010339,1.3155171109131802,False,True
Airport_Rd_Lamp-GM5024-O_C,2026-04-02,36.62,15.500378600050645,1.3625229386255344,False,True
Airport_Rd_Lamp-GM5024-O_C,2026-04-03,35.26,16.89854079094352,1.086570694843485,False,True
Airport_Rd_Lamp-GM5024-O_C,2026-04-04,41.51,13.0478832897197,2.1813589283639074,False,True
Airport_Rd_Lamp-GM5024-O_C,2026-04-05,38.93,16.458187514350684,1.3653880456796998,False,True
Airport_Rd_Lamp-GM5024-O_C,2026-04-06,33.91,5.798501827863383,4.848062311035791,False,True
Airport_Rd_Lamp-GM5024-O_C,2026-04-07,35.09,5.195347509405785,5.754119899866603,False,True
Airport_Rd_Lamp-GM5024-O_C,2026-04-08,42.65,7.526679927720423,4.666509059714626,False,True
Airport_Rd_Lamp-GM5024-O_U,2026-03-21,40.72,3.77471332448809,9.787574181020029,False,True
Airport_Rd_Lamp-GM5024-O_U,2026-03-22,46.96,14.093331815926845,2.332072260367176,False,True
Airport_Rd_Lamp-GM5024-O_U,2026-03-23,30.14,1.8152408030143619,15.603857708547519,False,True
Airport_Rd_Lamp-GM5024-O_U,2026-03-26,27.24,5.157444575609418,4.281685455006803,False,True
Airport_Rd_Reloc-GM1118-B_A,2026-04-07,5.99,3.7068037641850715,0.6159474256163873,False,True
Airport_Rd_Reloc-GM1118-B_B,2026-03-25,0.45,1.2317599593040895,0.6346690793113314,False,True
Airport_Rd_Reloc-GM1118-B_B,2026-04-02,1.51,0.9636755642251343,0.5669173901012531,False,True
Airport_Rd_Reloc-GM1118-B_B,2026-04-04,1.22,0.7769574206436921,0.5702276181225695,False,True
Airport_Rd_Reloc-GM1118-B_B,2026-04-05,1.51,0.7839317991825081,0.9261879688700511,False,True
Airport_Rd_Reloc-GM1118-B_B,2026-04-07,1.6,0.9422781253324176,0.698012462547139,False,True
Airport_Rd_Reloc-GM1118-B_C,2026-03-27,0.27,0.6032492280412083,0.5524237952583734,False,True
Airport_Rd_Reloc-GM1118-B_C,2026-03-28,1.12,0.5842059101801562,0.917132265325109,False,True
Airport_Rd_Reloc-GM1118-B_C,2026-03-30,0.3,0.6635293092620657,0.5478722705804201,False,True
Airport_Rd_Reloc-GM1118-C_A,2026-04-03,20.86,13.248470397164846,0.5745213881040946,False,True
Airport_Rd_Reloc-GM1118-C_B,2026-04-02,6.16,4.068667680455046,0.5140091262776852,False,True
Airport_Rd_Reloc-GM1118-C_C,2026-03-22,3.13,1.9112424578408087,0.6376781434293063,False,True
Airport_Rd_Reloc-GM1118-C_C,2026-03-27,5.09,3.159519857323445,0.6110042759192978,False,True
Aitken_Sp_Ind-CM0700-K_A,2026-03-21,2.45,1.4868734083086639,0.6477529198581231,False,True
Aitken_Sp_Ind-CM0700-K_A,2026-03-23,31.61,14.533060384714169,1.1750408491557158,False,True
Aitken_Sp_Ind-CM0700-K_A,2026-04-01,0.47,16.045329285413754,0.9707079866271575,False,True
Aitken_Sp_Ind-CM0700-K_A,2026-04-03,2.05,18.13200748425926,0.8869402628594961,False,True
Aitken_Sp_Ind-CM0700-K_A,2026-04-04,0.18,1.19805948430333,0.8497570426524609,False,True
Aitken_Sp_Ind-CM0700-K_B,2026-03-23,12.75,5.561118872965496,1.2927040926929503,False,True
Aitken_Sp_Ind-CM0700-K_B,2026-03-24,12.05,7.601292556269134,0.5852567061192526,False,True
Aitken_Sp_Ind-CM0700-K_B,2026-03-25,15.32,8.082959847813338,0.895345305240441,False,True
Aitken_Sp_Ind-CM0700-K_B,2026-03-26,16.71,6.769709456567748,1.4683481775999283,False,True
Aitken_Sp_Ind-CM0700-K_B,2026-04-01,0.26,7.646088207787809,0.9659956839452649,False,True
Aitken_Sp_Ind-CM0700-K_B,2026-04-03,2.91,6.967727280715456,0.582360232718351,False,True
Aitken_Sp_Ind-CM0700-K_B,2026-04-06,9.77,4.687375592933424,1.0843219849352415,False,True
Aitken_Sp_Ind-CM0700-K_B,2026-04-07,12.48,6.727549276220443,0.8550588762110564,False,True
Aitken_Sp_Tower_Ind-CM0763-K_A,2026-03-22,1.49,3.7253978500923433,0.6000427175950974,False,True
Aitken_Sp_Tower_Ind-CM0763-K_A,2026-03-29,0.74,4.070302853891966,0.8181953464980075,False,True
Aitken_Sp_Tower_Ind-CM0763-K_A,2026-04-01,8.86,59.71664905690794,0.851632666267715,False,True
Aitken_Sp_Tower_Ind-CM0763-K_A,2026-04-03,10.64,61.035194930401005,0.825674350477083,False,True
Aitken_Sp_Tower_Ind-CM0763-K_A,2026-04-05,8.13,4.415207857681749,0.8413629124742367,False,True
Aitken_Sp_Tower_Ind-CM0763-K_B,2026-03-21,20.78,10.24176618095381,1.028946925057097,False,True
Aitken_Sp_Tower_Ind-CM0763-K_B,2026-03-22,17.41,8.36902057365723,1.0802912176844965,False,True
Aitken_Sp_Tower_Ind-CM0763-K_B,2026-03-28,20.25,7.984897078198889,1.5360376973785221,False,True
Aitken_Sp_Tower_Ind-CM0763-K_B,2026-03-29,14.45,6.112151470723251,1.3641429812749928,False,True
Aitken_Sp_Tower_Ind-CM0763-K_B,2026-04-01,13.97,115.39934230471592,0.8789421176845902,False,True
Aitken_Sp_Tower_Ind-CM0763-K_B,2026-04-03,23.18,112.67685576803309,0.7942789595787048,False,True
Aitken_Sp_Tower_Ind-CM0763-K_B,2026-04-04,22.57,5.728027975094321,2.9402740521057513,False,True
Aitken_Sp_Tower_Ind-CM0763-K_B,2026-04-05,12.54,3.85528236768185,2.2526800384637453,False,True
Akbar-CM0743-H_C,2026-03-22,31.76,20.34728701723587,0.5608960532721929,False,True
Akbar-CM0743-H_C,2026-04-05,15.76,8.952915484691573,0.7603204260051082,False,True
Akbar-CM0743-H_C,2026-04-06,30.3,19.078135913717276,0.5882054796671277,False,True
Akbar-CM0743-H_C,2026-04-07,36.12,22.265207454848827,0.6222620010726165,False,True
Akbar-CM0743-O_C,2026-03-29,80.64,49.506244895594364,0.6288854097107308,False,True
Akbar-CM0743-O_C,2026-04-04,86.73,55.82926390766127,0.5534863605482415,False,True
Akbar-CM0743-O_C,2026-04-05,76.76,33.85483736248278,1.2673273889380374,False,True
Akbar-CM0743-O_C,2026-04-06,119.52,63.281707473878825,0.8886974573076271,False,True
Akbar-CM0743-O_C,2026-04-07,123.17,66.13982462160826,0.8622668067940366,False,True
Akbar-CM0743-O_R,2026-03-29,82.77,48.79645080486927,0.6962299231759004,False,True
Akbar-CM0743-O_R,2026-03-30,145.2,92.55348890955584,0.5688225447869483,False,True
Akbar-CM0743-O_R,2026-04-04,111.7,60.11022713129661,0.858252835345601,False,True
Akbar-CM0743-O_R,2026-04-05,100.86,31.664111857633173,2.185309616561564,False,True
Akbar-CM0743-O_R,2026-04-06,161.5,75.4211499623424,1.141309169651173,False,True
Akbar-CM0743-O_R,2026-04-07,170.88,98.7100065137569,0.7311314833738259,False,True
Akbar-CM0743-O_R,2026-04-08,164.44,92.10575627638744,0.7853390129771556,False,True
Akbar-CM0743-O_W,2026-03-29,75.12,38.2074903384359,0.9661066281663342,False,True
Akbar-CM0743-O_W,2026-03-30,120.95,69.98890107204227,0.728131148616,False,True
Akbar-CM0743-O_W,2026-03-31,131.52,75.21884082331016,0.7484980964934286,False,True
Akbar-CM0743-O_W,2026-04-02,120.38,70.70216387591807,0.7026352999784599,False,True
Akbar-CM0743-O_W,2026-04-03,113.41,73.91711849555331,0.5342859990791239,False,True
Akbar-CM0743-O_W,2026-04-04,93.9,42.03052235657351,1.2340907211045922,False,True
Akbar-CM0743-O_W,2026-04-05,82.58,21.363202827280062,2.865525252353464,False,True
Akbar-CM0743-O_W,2026-04-06,134.83,53.144613560968196,1.537039804519818,False,True
Akbar-CM0743-O_W,2026-04-07,135.43,58.374553312188624,1.3200177528677068,False,True
Akbar-CM0743-O_W,2026-04-08,131.69,60.91284615301112,1.1619413361378474,False,True
Akbar-CM0743-P_A,2026-03-29,27.63,16.925425956809654,0.6324552227226838,False,True
Akbar-CM0743-P_C,2026-04-01,6.01,28.559047474580815,0.7895588077526311,False,True
Akbar-CM0743-P_C,2026-04-04,17.96,5.229247387522172,2.4345286556638075,False,True
Akbar-CM0743-P_C,2026-04-06,35.98,12.32689075703847,1.9188220054157579,False,True
Akbar-CM0743-P_C,2026-04-07,37.05,20.000256701396353,0.8524762233383378,False,True
Akbar-CM0743-P_C,2026-04-08,40.96,20.455236213557193,1.0024212662405134,False,True
Akbar-CM0743-P_U,2026-03-21,6.47,13.674642784851288,0.5268614981908384,False,True
Akbar-CM0743-P_U,2026-03-22,1.34,5.96643000478835,0.7754100862786315,False,True
Akbar-CM0743-P_U,2026-04-01,4.01,42.47312531915256,0.905587357420299,False,True
Akbar-CM0743-P_U,2026-04-05,13.45,4.553939797830632,1.953486562647841,False,True
Akbar_Ind-CM0743-K_A,2026-03-31,76.73,49.944477049709775,0.5363060048387448,False,True
Akbar_Ind-CM0743-K_A,2026-04-05,29.45,18.466069632334687,0.5948169039952115,False,True
Akbar_Ind-CM0743-K_A,2026-04-06,67.1,44.53790526522367,0.5065818565201669,False,True
Akbar_Ind-CM0743-K_A,2026-04-07,70.05,41.979295752896434,0.6686797323217786,False,True
Akbar_Ind-CM0743-Q_A,2026-03-22,3.18,6.513302319330641,0.5117684019422575,False,True
Akbar_Ind-CM0743-Q_A,2026-03-25,27.06,61.30716087431622,0.5586159982930085,False,True
Akbar_Ind-CM0743-Q_A,2026-03-28,5.76,0.595056916469872,8.679746324386485,False,True
Akbar_Ind-CM0743-Q_A,2026-03-29,4.05,0.3078294382773521,12.156636423937398,False,True
Akbar_Ind-CM0743-Q_A,2026-03-30,80.43,42.56839020384901,0.8894301526283126,False,True
Akbar_Ind-CM0743-Q_A,2026-04-01,10.52,55.1016879932036,0.8090802590059026,False,True
Akbar_Ind-CM0743-Q_A,2026-04-06,67.98,36.36291732281862,0.8694869665295225,False,True
Akbar_Mw-CM1072-B_A,2026-04-07,29.51,17.668608129910027,0.6701938139679752,False,True
Akbar_Mw-CM1072-P_W,2026-04-05,153.15,85.1683635070404,0.7982029205872899,False,True
Akkaraipaththu-AM0115-P_2A,2026-04-04,30.38,18.5988769447492,0.6334319588353867,False,True
Akkaraipaththu_East-AM0072-B_A,2026-04-08,15.85,10.253524769893836,0.5458098903255596,False,True
Akkaraipaththu_East-AM0072-B_B,2026-03-30,23.8,15.135246335069745,0.5724884467095347,False,True
Akkaraipaththu_East-AM0072-B_B,2026-04-02,25.49,16.598944814239537,0.5356397822428567,False,True
Akkaraipaththu_East-AM0072-B_B,2026-04-04,27.04,17.23649274562206,0.5687646204514523,False,True
Akkaraipaththu_East-AM0072-B_B,2026-04-05,28.07,14.73665183375905,0.9047745930793194,False,True
Akkaraipaththu_East-AM0072-B_B,2026-04-06,24.2,12.466224148739,0.9412453772097391,False,True
Akkaraipaththu_East-AM0072-B_B,2026-04-07,24.28,14.429813229648,0.6826274611866399,False,True
Akkaraipaththu_East-AM0072-B_B,2026-04-08,28.4,13.337484474051454,1.1293370616665532,False,True
Akkaraipaththu_East-AM0072-C_B,2026-03-30,24.58,15.990453982303922,0.5371671140295221,False,True
Akkaraipaththu_East-AM0072-C_B,2026-04-01,26.23,17.464762407847953,0.5018812960325935,False,True
Akkaraipaththu_East-AM0072-C_B,2026-04-05,26.58,17.11902041106891,0.5526589350179031,False,True
Akkaraipaththu_East-AM0072-C_B,2026-04-06,24.91,13.859361469638209,0.7973411007837912,False,True
Akkaraipaththu_East-AM0072-C_B,2026-04-08,26.78,15.333669895180002,0.7464834043687121,False,True
Akkaraipaththu_North-AM0119-O_P,2026-04-06,70.5,44.41446642814559,0.5873206563013876,False,True
Akkaraipaththu_North-AM0119-O_P,2026-04-08,74.86,47.506477537174405,0.5757851114391953,False,True
Akkaraipaththu_Town-AM0021-C_B,2026-04-08,13.02,29.714728156296886,0.5618334473222864,False,True
Akkaraipaththu_West-AM0057-C_A,2026-03-23,13.52,8.346345549459944,0.619870627196213,False,True
Akkaraipaththu_West-AM0057-C_A,2026-03-25,16.24,9.081598549631568,0.788231434284093,False,True
Akkaraipaththu_West-AM0057-C_A,2026-03-30,11.58,7.264870127370313,0.5939720596480433,False,True
Akkaraipaththu_West-AM0057-C_A,2026-03-31,14.3,9.098767804576365,0.5716413812436884,False,True
Akkaraipaththu_West-AM0057-C_A,2026-04-06,11.42,6.183394705271337,0.8468819385352293,False,True
Akkaraipaththu_West-AM0057-C_A,2026-04-08,16.27,6.9186477054452045,1.3516156180629015,False,True
Akkaraipaththu_West-AM0057-C_B,2026-04-01,10.72,6.138134087783353,0.7464590780667165,False,True
Akkaraipaththu_West-AM0057-C_B,2026-04-02,10.17,6.044201461174432,0.6826044044574079,False,True
Akkaraipaththu_West-AM0057-C_B,2026-04-03,10.27,5.971948987613031,0.7197065851201931,False,True
Akkaraipaththu_West-AM0057-C_B,2026-04-04,11.5,6.520704553472958,0.7636131043347217,False,True
Akkaraipaththu_West-AM0057-C_B,2026-04-05,9.26,4.951404372970203,0.8701764797378476,False,True
Akkaraipaththu_West-AM0057-C_B,2026-04-06,8.4,4.052572342331937,1.0727575698664669,False,True
Akkaraipaththu_West-AM0057-C_B,2026-04-08,11.55,5.373047175232448,1.1496182004953877,False,True
Akkaraipaththu_West-AM0057-C_C,2026-04-07,1.62,5.687107285550756,0.7151451663104832,False,True
Akkaraipaththu_West-AM0057-H_A,2026-04-07,172.94,362.7003483421977,0.5231876649954692,False,True
Akkaraipaththu_West-AM0057-O_A,2026-04-07,76.33,186.29149915703093,0.5902657912712428,False,True
Akkaraipaththu_West-AM0057-O_B,2026-04-07,50.13,104.06472009726322,0.5182805474021703,False,True
Akkaraipaththu_West-AM0057-O_C,2026-04-07,51.7,120.66123482435026,0.5715276735294392,False,True
Akkaraipaththu_West-AM0057-O_Q,2026-04-06,61.87,125.2486290197732,0.5060225370592082,False,True
Akkaraipaththu_West-AM0057-O_Q,2026-04-07,25.78,129.6289869765288,0.8011247283397513,False,True
Akkaraipaththu_West-AM0057-O_R,2026-04-05,69.71,41.016497961565435,0.6995600176622062,False,True
Akkaraipaththu_West-AM0057-O_R,2026-04-06,62.46,34.52842732626651,0.8089442478744275,False,True
Akkaraipaththu_West-AM0057-O_R,2026-04-08,71.09,38.61475435890385,0.8410061433838425,False,True
Akkaraipaththu_West-AM0057-O_W,2026-04-07,28.78,70.5072814518046,0.5918152081970054,False,True
Akkaraipaththu_West-AM0057-P_A,2026-04-07,128.09,261.5310177140905,0.5102301779744158,False,True
Akkaraipaththu_West-AM0057-P_C,2026-04-07,59.08,150.84499974060532,0.6083396857595903,False,True
Akkaraipaththu_West-AM0057-P_W,2026-04-07,33.54,73.04795928726578,0.540849596248106,False,True
Akkarapanaha-GM0444-H_3C,2026-03-24,69.68,43.947064036408165,0.5855439157954503,False,True
Akkarapanaha-GM0444-H_3C,2026-03-28,81.31,51.34379739894593,0.5836382215404516,False,True
Akkarapanaha-GM0444-H_3C,2026-03-29,93.78,53.420270927120946,0.7555133729654826,False,True
Akkarapanaha-GM0444-H_3C,2026-03-30,73.14,42.725112317431446,0.7118737911464674,False,True
Akkarapanaha-GM0444-H_3C,2026-03-31,73.82,34.873106576259175,1.1168174346203783,False,True
Akkarapanaha-GM0444-H_3C,2026-04-01,74.96,35.822220108389985,1.0925559547450685,False,True
Akkarapanaha-GM0444-H_3C,2026-04-02,74.61,38.527808352011576,0.9365233370743897,False,True
Akkarapanaha-GM0444-H_3C,2026-04-03,75.57,37.20687807165249,1.0310760783118738,False,True
Akkarapanaha-GM0444-H_3C,2026-04-04,76.38,42.26983993880617,0.8069621297496022,False,True
Akkarapanaha-GM0444-H_3C,2026-04-05,83.95,44.346313466974635,0.893054764575162,False,True
Akkarapanaha-GM0444-H_3C,2026-04-06,72.34,33.651154857271806,1.1497033402515688,False,True
Akkarapanaha-GM0444-H_3C,2026-04-07,72.68,25.799149116110186,1.817147173067628,False,True
Akkarapanaha-GM0444-H_3C,2026-04-08,68.59,26.748262648224255,1.5642786936127797,False,True
Akkarapanaha-GM0444-O_A,2026-04-01,82.64,51.11901034227152,0.6166197163575177,False,True
Akkarapanaha-GM0444-O_A,2026-04-03,86.41,51.69533411622597,0.6715241612661885,False,True
Akkarapanaha-GM0444-O_U,2026-04-01,97.05,57.18925562335036,0.6969970834936782,False,True
Akkarapanaha-GM0444-O_U,2026-04-03,91.93,59.74061566188236,0.5388190928647587,False,True
Akkarapanaha-GM0444-P_1A,2026-04-01,122.94,68.66555219401482,0.7904174083189848,False,True
Akkarapanaha-GM0444-P_1A,2026-04-02,161.13,75.13810535414322,1.1444511974391307,False,True
Akkarapanaha-GM0444-P_3C,2026-03-31,43.93,25.69055457210355,0.709966979369998,False,True
Akkarapanaha-GM0444-P_3C,2026-04-01,41.94,27.364164950401708,0.5326614232890858,False,True
Akkarapanaha-GM0444-P_3C,2026-04-02,44.51,27.20784884809248,0.6359249953390035,False,True
Akkarapanaha-GM0444-P_3C,2026-04-03,46.28,28.35483447104812,0.6321731677627842,False,True
Akkarapanaha-GM0444-P_3C,2026-04-05,50.04,31.512888204703902,0.5879217314181494,False,True
Akkarapanaha-GM0444-P_3C,2026-04-06,41.38,24.789966469745274,0.6692237180111522,False,True
Akkarapanaha-GM0444-P_3C,2026-04-07,39.06,21.298665740521905,0.833917695871726,False,True
Akkarapanaha-GM0444-P_3C,2026-04-08,42.09,22.972276118813276,0.8322085187514422,False,True
Akkarayankulam-KI0021-B_A,2026-04-03,7.18,2.780507402665462,1.5822625011237437,False,True
Akkarayankulam-KI0021-B_A,2026-04-07,5.67,3.022254760636267,0.8760827425436201,False,True
Akkarayankulam-KI0021-B_A,2026-04-08,6.12,2.730790484355838,1.2411093180016106,False,True
Akkarayankulam-KI0021-B_B,2026-03-26,4.03,2.5919081286033174,0.5548390606620833,False,True
Akkarayankulam-KI0021-B_B,2026-03-27,4.1,2.6202131119923546,0.5647582180376337,False,True
Akkarayankulam-KI0021-B_B,2026-03-30,3.86,1.5232554510819618,1.5340464051897917,False,True
Akkarayankulam-KI0021-B_B,2026-03-31,3.86,1.5298950990914335,1.5230488039947037,False,True
Akkarayankulam-KI0021-B_B,2026-04-01,4.19,1.4765401492733297,1.8377149121627907,False,True
Akkarayankulam-KI0021-B_B,2026-04-02,4.76,1.3715230999536434,2.470594115520828,False,True
Akkarayankulam-KI0021-B_B,2026-04-03,5.92,1.399828083337864,3.2290907508326807,False,True
Akkarayankulam-KI0021-B_B,2026-04-04,5.1,3.017843152329389,0.6899486628599142,False,True
Akkarayankulam-KI0021-B_B,2026-04-05,6.4,2.3110574636947696,1.769295052390473,False,True
Akkarayankulam-KI0021-B_B,2026-04-06,4.68,0.3028704224295442,14.452152648179746,False,True
Akkarayankulam-KI0021-B_B,2026-04-07,4.93,0.3095100704423821,14.928399334320725,False,True
Akkarayankulam-KI0021-B_B,2026-04-08,5.6,0.25615512062349133,20.861753090741992,False,True
Akkarayankulam-KI0021-B_C,2026-03-21,0.46,1.3697440962496454,0.6641708467592754,False,True
Akkarayankulam-KI0021-B_C,2026-03-23,0.32,1.3271591151108928,0.7588834704471272,False,True
Akkarayankulam-KI0021-B_C,2026-03-24,0.41,1.3942222594171094,0.705929239595263,False,True
Akkarayankulam-KI0021-B_C,2026-03-25,0.73,1.5770455713522582,0.5371091278142001,False,True
Akkarayankulam-KI0021-B_C,2026-03-27,0.65,1.3823458775410173,0.5297848313070164,False,True
Akkarayankulam-KI0021-B_C,2026-03-28,0.36,1.5461599037943816,0.7671650913230025,False,True
Akkarayankulam-KI0021-B_C,2026-03-29,0.72,1.6193792898428325,0.5553851994304071,False,True
Akkarayankulam-KI0021-B_C,2026-03-30,0.6,1.5035749226562083,0.6009510460974948,False,True
Akkarayankulam-KI0021-B_C,2026-03-31,0.41,1.570638066962586,0.7389595931589206,False,True
Akkarayankulam-KI0021-B_C,2026-04-01,0.25,1.7534613788976854,0.8574248609016055,False,True
Akkarayankulam-KI0021-B_C,2026-04-02,0.43,1.7131527733209861,0.7490007857463669,False,True
Akkarayankulam-KI0021-B_C,2026-04-03,0.67,1.5587616850864079,0.5701716263555326,False,True
Akkarayankulam-KI0021-B_C,2026-04-05,0.27,1.795795097388211,0.849648770957953,False,True
Akkarayankulam-KI0021-B_C,2026-04-06,0.44,1.6799907302013208,0.7380937929655881,False,True
Akkarayankulam-KI0021-H_B,2026-04-03,83.21,50.96780766118125,0.632599160496665,False,True
Akkarayankulam-KI0021-H_B,2026-04-06,72.81,46.365353577121056,0.5703536020466807,False,True
Akkarayankulam-KI0021-H_B,2026-04-07,72.81,42.63041380643417,0.7079355675644615,False,True
Akkarayankulam-KI0021-H_B,2026-04-08,82.51,47.74161008318549,0.7282617795301353,False,True
Akkarayankulam-KI0021-P_4C,2026-03-22,5.66,14.043877636446108,0.5969774056339401,False,True
Akkarayankulam_East-MU0056-B_C,2026-03-22,0.24,0.6601335441849694,0.6364371995422308,False,True
Akkarayankulam_East-MU0056-B_C,2026-03-23,0.37,0.8468721149467163,0.5630981426005747,False,True
Akkarayankulam_East-MU0056-B_C,2026-03-24,0.39,0.7852712462940605,0.5033563219836058,False,True
Akkarayankulam_East-MU0056-B_C,2026-03-31,1.57,0.8104592785546565,0.9371732072706734,False,True
Akkarayankulam_East-MU0056-B_C,2026-04-01,0.33,0.9005413148924322,0.6335537364663631,False,True
Akkarayankulam_East-MU0056-B_C,2026-04-05,0.26,0.7105096087060587,0.6340654696092037,False,True
Akkarayankulam_East-MU0056-P_A,2026-03-26,13.37,7.913492863498211,0.6895194360597051,False,True
Akkarayankulam_East-MU0056-P_U,2026-03-21,7.76,4.758322943423663,0.6308266782785025,False,True
Akkarayankulam_East-MU0056-P_U,2026-03-22,8.29,4.875401260387114,0.7003728631234266,False,True
Akkarayankulam_East-MU0056-P_U,2026-03-23,5.35,3.18698497290527,0.6787026124955071,False,True
Akkarayankulam_East-MU0056-P_U,2026-03-24,7.14,4.306832366523189,0.6578309514665334,False,True
Akkarayankulam_East-MU0056-P_U,2026-03-25,7.91,4.918630903945254,0.6081710855057972,False,True
Akkarayankulam_East-MU0056-P_U,2026-03-28,7.9,3.7720987484308335,1.0943248114292725,False,True
Akkarayankulam_East-MU0056-P_U,2026-03-29,8.76,3.889177065389158,1.252404519700997,False,True
Akkarayankulam_East-MU0056-P_U,2026-03-30,10.39,2.2007607779004505,3.7210946797734974,False,True
Akkarayankulam_East-MU0056-P_U,2026-03-31,11.1,3.320608171521454,2.342761152971006,False,True
Akkarayankulam_East-MU0056-P_U,2026-04-02,7.51,4.252654985326402,0.7659556267585595,False,True
Akkarayankulam_East-MU0056-P_U,2026-04-03,10.82,6.551302936199208,0.6515798621086681,False,True
Akkarayankulam_East-MU0056-P_U,2026-04-04,7.52,2.7858745534285108,1.6993318815254301,False,True
Akkarayankulam_East-MU0056-P_U,2026-04-05,8.03,2.902952870383528,1.766148938180696,False,True
Akkarayankulam_East-MU0056-P_U,2026-04-06,9.66,1.2145365829083907,6.953650911747488,False,True
Akkarayankulam_Jn-KI0038-B_B,2026-04-08,22.5,13.786264056226841,0.6320592662547636,False,True
Akp_Noracholai_Camp_Lamp-AM5032-P_A,2026-03-21,0.81,1.8069461811571346,0.5517298697400654,False,True
Akp_Noracholai_Camp_Lamp-AM5032-P_A,2026-03-23,0.75,1.7830611452628256,0.5793750528451738,False,True
Akp_Noracholai_Camp_Lamp-AM5032-P_A,2026-03-30,0.98,1.9616057518066885,0.500409295243249,False,True
Akp_Noracholai_Camp_Lamp-AM5032-P_A,2026-04-05,5.25,2.7519911446860865,0.9077096269504369,False,True
Akp_Noracholai_Camp_Lamp-AM5032-P_A,2026-04-06,5.94,2.14015035835013,1.7755059250038978,False,True
Akp_Noracholai_Camp_Lamp-AM5032-P_B,2026-03-25,27.35,18.09271426853756,0.5116582063952924,False,True
Akuregoda-CM0941-B_B,2026-03-25,7.1,4.1649369662863895,0.7047076720420621,False,True
Akuregoda-CM0941-B_B,2026-04-02,6.15,3.980248249501802,0.5451297543488101,False,True
Akuregoda-CM0941-B_B,2026-04-03,8.51,4.10369736434758,1.0737396655839773,False,True
Akuregoda-CM0941-B_B,2026-04-05,8.79,4.324318999734065,1.0326900028745711,False,True
Akuregoda-CM0941-B_B,2026-04-06,9.83,4.0040456381175735,1.4550169724392525,False,True
Akuregoda-CM0941-B_B,2026-04-07,7.41,3.3067749792088517,1.240854018368328,False,True
Akuregoda-CM0941-B_B,2026-04-08,7.66,3.6921204534754732,1.0746885418620282,False,True
Akuregoda-CM0941-C_A,2026-03-28,24.1,15.755293622476815,0.529644611993677,False,True
Akuregoda-CM0941-C_A,2026-04-01,24.17,14.215600624623079,0.7002447267781807,False,True
Akuregoda-CM0941-C_B,2026-03-27,8.13,4.878328331351683,0.6665544932166031,False,True
Akuregoda-CM0941-C_B,2026-03-28,9.7,5.585189920525089,0.7367359280574042,False,True
Akuregoda-CM0941-C_B,2026-03-31,8.34,4.761373079244912,0.7515955715284148,False,True
Akuregoda-CM0941-C_B,2026-04-01,9.09,5.530227645495181,0.6436936384353983,False,True
Akuregoda-CM0941-C_B,2026-04-03,8.0,4.358484837342436,0.8355002480352689,False,True
Akuregoda-CM0941-C_B,2026-04-04,8.34,5.06534642651559,0.6464816614205432,False,True
Akuregoda-CM0941-C_B,2026-04-07,7.03,4.241529585232426,0.657420951270996,False,True
Akuregoda-CM0941-C_B,2026-04-08,7.73,5.0103841514775755,0.5427958747874457,False,True
Akuregoda-CM0941-H_2B,2026-04-01,68.27,38.34142725477824,0.780580559673661,False,True
Akuregoda-CM0941-H_2B,2026-04-03,61.55,36.08226598133689,0.7058241306639661,False,True
Akuregoda-CM0941-H_2B,2026-04-06,57.97,35.34489785247947,0.6401235686675881,False,True
Akuregoda-CM0941-H_3B,2026-04-03,96.06,58.962100851196595,0.6291821121236478,False,True
Akuregoda-CM0941-P_1U,2026-04-01,50.75,32.60853899590613,0.5563408101899768,False,True
Akuregoda-CM0941-P_2B,2026-03-24,24.32,14.473868586694055,0.6802695046131325,False,True
Akuregoda-CM0941-P_2B,2026-03-25,22.94,14.808610428243735,0.5490987565077454,False,True
Akuregoda-CM0941-P_2B,2026-03-30,20.03,12.69593829545136,0.5776699235515547,False,True
Akuregoda-CM0941-P_2B,2026-04-01,20.21,13.138877898997922,0.5381831047795474,False,True
Akuregoda-CM0941-P_2B,2026-04-02,21.42,14.086621537410705,0.5205917148489858,False,True
Akuregoda-CM0941-P_2B,2026-04-03,21.57,12.324164399869606,0.7502200798480276,False,True
Akuregoda-CM0941-P_2B,2026-04-06,19.15,11.026205766200789,0.7367715065413984,False,True
Akuregoda-CM0941-P_2B,2026-04-07,25.71,11.134403528203972,1.3090594781189089,False,True
Akuregoda-CM0941-P_2B,2026-04-08,22.85,11.469145369747228,0.9923018902762064,False,True
Akuregoda_East-CM0914-B_A,2026-03-21,43.62,27.72170093749309,0.5734965216728368,False,True
Akuregoda_East-CM0914-B_A,2026-04-06,4.07,40.86365969278736,0.9004005018004206,False,True
Akuregoda_East-CM0914-B_A,2026-04-07,4.01,40.80705863698027,0.9017326870904132,False,True
Akuregoda_East-CM0914-B_A,2026-04-08,5.41,42.240495853060764,0.8719238519637789,False,True
Akuregoda_East-CM0914-B_B,2026-04-06,8.89,47.041961964471675,0.8110197868295937,False,True
Akuregoda_East-CM0914-B_B,2026-04-07,8.48,47.26423017655458,0.820583135104007,False,True
Akuregoda_East-CM0914-B_B,2026-04-08,8.33,48.561459280068306,0.8284647923786964,False,True
Akuregoda_East-CM0914-B_C,2026-04-06,5.9,17.802694619673623,0.6685894958013853,False,True
Akuregoda_East-CM0914-B_C,2026-04-07,6.96,17.797922723622808,0.6089431273481067,False,True
Akuregoda_East-CM0914-B_C,2026-04-08,4.83,18.871480929180233,0.744058242269076,False,True
Akuregoda_East-CM0914-B_D,2026-04-06,2.87,9.815992206370899,0.7076199797573925,False,True
Akuregoda_East-CM0914-B_D,2026-04-07,2.74,9.772812490819225,0.7196303517974983,False,True
Akuregoda_East-CM0914-B_D,2026-04-08,2.58,10.001041800789325,0.7420268756604561,False,True
Akuregoda_East-CM0914-P_B,2026-04-01,136.39,86.30649465409704,0.5802982214331589,False,True
Akuregoda_East-CM0914-P_B,2026-04-03,131.08,83.6966410180441,0.5661321458735789,False,True
